,window_start,window_end,variant_counts,unique_allele_counts,unique_alleles_with_missing_index,unique_alleles_with_het_index,unique_allele_frequencies,unique_allele_count,entropy,het
0,101265,101464,1,[617   2  75],[],[1],[0.88904899 0.00288184 0.10806916],3,0.36186376075757176,0.19790464167960853
1,101365,101564,1,[514   1 179],[],[1],[0.74063401 0.00144092 0.25792507],3,0.581312280839009,0.3849338504596833
2,101415,101614,2,[293 221   1   3 176],[],[2],[0.4221902  0.3184438  0.00144092 0.00432277 0.25360231],5,1.1093515693394511,0.6560140853258476
3,101465,101664,4,[287   1   3   2   1  74   2 107  37   1   3  46  90  40],[4],"[1, 6, 9]","[0.41354467 0.00144092 0.00432277 0.00288184 0.00144092 0.10662824
 0.00288184 0.15417867 0.05331412 0.00144092 0.00432277 0.06628242
 0.129683   0.05763689]",14,1.7666957702151502,0.7664045046466627
4,101565,101764,4,[255  35   1   3   2   1  42  78   2  28 170  68   9],[5],"[2, 8]","[0.36743516 0.05043228 0.00144092 0.00432277 0.00288184 0.00144092
 0.06051873 0.11239193 0.00288184 0.04034582 0.24495677 0.09798271
 0.0129683 ]",13,1.7680883438830102,0.774713684193042
5,101615,101814,3,[  1 297 113   3  28 173  70   9],[0],[3],"[0.00144092 0.42795389 0.16282421 0.00432277 0.04034582 0.24927954
 0.10086455 0.0129683 ]",8,1.455267398723803,0.7162130737735551
6,101665,101864,1,[398 296],[],[],[0.57348703 0.42651297],2,0.6823072680239111,0.4891993123437617
7,111415,111614,1,[396   5 293],[],[1],[0.57060519 0.00720461 0.4221902 ],3,0.7197373903901683,0.49611324734862006
8,116965,117164,1,[  3 600  91],[0],[],[0.00432277 0.86455331 0.13112392],3,0.41575460447117696,0.23533539851672236
9,117015,117214,2,[  2   1   3 130   4 463  72   1  18],"[0, 1, 2]","[4, 7]","[0.00288184 0.00144092 0.00432277 0.18731988 0.00576369 0.66714697
 0.1037464  0.00144092 0.0259366 ]",9,1.0025280621148118,0.508325789600445
10,117165,117364,1,[  5 203   5 481],[0],[2],[0.00720461 0.2925072  0.00720461 0.69308357],4,0.6847380270908175,0.43397088257522287
11,118565,118764,1,[292   3 399],[],[1],[0.42074928 0.00432277 0.57492795],3,0.7060115102655968,0.4924092052919633
12,121165,121364,1,[  1 120   3 570],[0],[2],[0.00144092 0.17291066 0.00432277 0.82132565],4,0.4980806468581742,0.2955053193698146
13,126565,126764,1,[608   1  85],[],[1],[0.87608069 0.00144092 0.12247839],3,0.38251276016515257,0.2174795903960668
14,126615,126814,2,[  2 357   6 243   1   1  84],[0],"[2, 4]","[0.00288184 0.51440922 0.00864553 0.35014409 0.00144092 0.00144092
 0.12103746]",7,1.0417643710162987,0.598044996636464
15,126765,126964,1,[  2 358   6 328],[0],[2],[0.00288184 0.51585014 0.00864553 0.47262248],4,0.7536014650342713,0.5104435714938252
16,126815,127014,1,[391   3 300],[],[1],[0.56340058 0.00432277 0.43227666],3,0.7093376158135154,0.49569799599697695
17,134365,134564,1,[  2 569   2 121],[0],[2],[0.00288184 0.81988473 0.00288184 0.17435159],4,0.5010725199342861,0.2973739504522088
18,135165,135364,1,[  4 475   3 212],[0],[2],[0.00576369 0.68443804 0.00432277 0.3054755 ],4,0.6750197465912352,0.43817737876736784
19,136265,136464,6,"[ 27   9   1   3   2   1   6   1   1   1   1   2   1   3  86   1   2   1
   5   3   1   1   1   1   2   2   1   1   3   1  15   1 507]","[0, 1, 2, 3, 4, 5, 6, 7, 8, 9, 10, 11, 12, 13, 24, 29]","[7, 15, 16, 17, 18, 19, 20, 21, 22, 23, 26, 28, 31]","[0.0389049  0.0129683  0.00144092 0.00432277 0.00288184 0.00144092
 0.00864553 0.00144092 0.00144092 0.00144092 0.00144092 0.00288184
 0.00144092 0.00432277 0.12391931 0.00144092 0.00288184 0.00144092
 0.00720461 0.00432277 0.00144092 0.00144092 0.00144092 0.00144092
 0.00288184 0.00288184 0.00144092 0.00144092 0.00432277 0.00144092
 0.02161383 0.00144092 0.73054755]",33,1.1689490764428805,0.44851713742328225
20,140165,140364,1,[599   2  93],[],[1],[0.86311239 0.00288184 0.13400576],3,0.4132504266515784,0.23707114916659044
21,140815,141014,1,[556   4 134],[],[1],[0.80115274 0.00576369 0.19308357],3,0.5248885567010041,0.3208398043335632
22,141665,141864,1,[  1 596   1  96],[0],[2],[0.00144092 0.85878963 0.00144092 0.13832853],4,0.423219995158302,0.24334144457640217
23,143365,143564,1,[  3 579 112],[0],[],[0.00432277 0.83429395 0.16138329],3,0.46903990724193534,0.27789035703311216
24,154515,154714,1,[  1 619   3  71],[0],[2],[0.00144092 0.89193084 0.00432277 0.10230548],4,0.36820211623057586,0.19397221137954812
25,155065,155264,1,[  4 224   2 464],[0],[2],[0.00576369 0.32276657 0.00288184 0.6685879 ],4,0.6807333154720627,0.4487704407477847
26,155115,155314,2,[  1   3   1 221   2   2 237 227],"[0, 1, 2]",[5],"[0.00144092 0.00432277 0.00144092 0.3184438  0.00288184 0.00288184
 0.34149856 0.32708934]",8,1.1729384013699573,0.674945394447259
27,155265,155464,1,[  2 463 229],[0],[],[0.00288184 0.66714697 0.32997118],3,0.6527367166783216,0.44602562931342327
28,155565,155764,1,[  1 548   2 143],[0],[2],[0.00144092 0.78962536 0.00288184 0.20605187],4,0.5382760905704945,0.33402403474823317
29,156015,156214,1,[528   2 164],[],[1],[0.76080692 0.00288184 0.23631124],3,0.5657468505339017,0.36532152912157734
30,156115,156314,2,[  3 298 227   2 164],[0],[3],[0.00432277 0.42939481 0.32708934 0.00288184 0.23631124],5,1.109823922556975,0.6527626672424818
31,156215,156414,1,[  3 464 227],[0],[],[0.00432277 0.6685879  0.32708934],3,0.658227114588555,0.4459841041782592
32,157065,157264,1,[  3 268   3 420],[0],[2],[0.00432277 0.38616715 0.00432277 0.60518732],4,0.7184328203837035,0.48458586982700635
33,158065,158223,1,[  8 461 225],[0],[],[0.01152738 0.66426513 0.32420749],3,0.6883586742663317,0.453508458670033
34,172411,172610,1,[571   1 122],[],[1],[0.82276657 0.00144092 0.17579251],3,0.47554140406438505,0.29215008844853796
35,173811,174010,1,[521   2 171],[],[1],[0.75072046 0.00288184 0.24639769],3,0.5772608160160568,0.3756986603991397
36,174761,174960,1,[  1 382   4 307],[0],[2],[0.00144092 0.55043228 0.00576369 0.44236311],4,0.728584196181933,0.5013038892441595
37,176161,176360,1,[583   3 108],[],[1],[0.84005764 0.00432277 0.1556196 ],3,0.4594472644869816,0.2700670215681553
38,176561,176760,1,[  2 560   2 130],[0],[2],[0.00288184 0.80691643 0.00288184 0.18731988],4,0.5205747470056307,0.31378053135562944
39,179711,179910,1,[581   2 111],[],[1],[0.83717579 0.00288184 0.15994236],3,0.4588057696743125,0.2735468278949247
40,180261,180460,1,[  8 401   7 278],[0],[2],[0.01152738 0.5778098  0.01008646 0.40057637],4,0.7812124427362609,0.5054397927065253
41,180361,180560,2,[  7   1 364   1  36   5   1   1 239   1  38],"[0, 1]","[3, 5, 6, 7, 9]","[0.01008646 0.00144092 0.52449568 0.00144092 0.0518732  0.00720461
 0.00144092 0.00144092 0.3443804  0.00144092 0.05475504]",11,1.1471660337186416,0.6004534544759943
42,180461,180660,1,[615   3  76],[],[1],[0.88616715 0.00432277 0.10951009],3,0.3728332495143348,0.20269664227757056
43,182811,183010,1,[  2 383   1 308],[0],[2],[0.00288184 0.5518732  0.00144092 0.44380403],4,0.7148719196232767,0.4984635699989203
44,191211,191410,1,[559   2 133],[],[1],[0.8054755  0.00288184 0.19164265],3,0.5077165081893498,0.3144740011128735
45,191911,192110,1,[589   2 103],[],[1],[0.84870317 0.00288184 0.14841499],3,0.4392206603345322,0.25766761620809076
46,197961,198160,1,[  3 482   2 207],[0],[2],[0.00432277 0.6945245  0.00288184 0.29827089],4,0.6543970550234544,0.4286432077336412
47,198011,198210,2,[  3 169   2 311   2   2 205],[0],"[2, 4]","[0.00432277 0.24351585 0.00288184 0.4481268  0.00288184 0.00288184
 0.29538905]",7,1.1380047498692267,0.6525841091612753
48,198161,198360,1,[171   2 521],[],[1],[0.24639769 0.00288184 0.75072046],3,0.5772608160160568,0.3756986603991397
49,198561,198760,1,[ 78   4 612],[],[1],[0.11239193 0.00576369 0.88184438],3,0.38626357027076513,0.2096853225257248
50,199461,199660,1,[  1 587   1 105],[0],[2],[0.00144092 0.84582133 0.00144092 0.15129683],4,0.4462105685678527,0.2616914018055131
51,200711,200910,1,[  1 470   1 222],[0],[2],[0.00144092 0.67723343 0.00144092 0.31988473],4,0.6474017223417108,0.4390244915247199
52,201661,201860,1,[569   1 124],[],[1],[0.81988473 0.00144092 0.17867435],3,0.47996060437869664,0.2958624355322278
53,208611,208810,1,[  1 615   1  77],[0],[2],[0.00144092 0.88616715 0.00144092 0.11095101],4,0.3698916835849858,0.20239350879087115
54,208711,208910,2,[  1   1 546  68   1  74   3],"[0, 1]",[4],"[0.00144092 0.00144092 0.78674352 0.09798271 0.00144092 0.10662824
 0.00432277]",7,0.7068046140056427,0.36003953192867644
55,208811,209010,1,[  1 622  71],[0],[],[0.00144092 0.8962536  0.10230548],3,0.34083073723057544,0.18626099377953476
56,211361,211560,2,[  4   1   6 325   1 287   1  69],"[0, 1, 2]","[4, 6]","[0.00576369 0.00144092 0.00864553 0.46829971 0.00144092 0.41354467
 0.00144092 0.09942363]",8,1.0490084687816825,0.5996769344484216
57,212261,212460,2,[  7 450  54   3 180],[0],[3],[0.01008646 0.64841499 0.0778098  0.00432277 0.25936599],5,0.8995094362588727,0.506112499896187
58,212311,212510,3,[  1   5   1  12 379  59  12   1  41   2   1   5 132  43],"[0, 1, 2, 3, 11]","[7, 9, 10]","[0.00144092 0.00720461 0.00144092 0.01729107 0.54610951 0.08501441
 0.01729107 0.00144092 0.05907781 0.00288184 0.00144092 0.00720461
 0.19020173 0.06195965]",14,1.4610061428005354,0.6503126842677872
59,212461,212660,1,[ 18 530   2 144],[0],[2],[0.0259366  0.76368876 0.00288184 0.2074928 ],4,0.6437818818156464,0.37304520426213994
60,212761,212960,1,[601   3  90],[],[1],[0.86599424 0.00432277 0.129683  ],3,0.4130277777238248,0.23321761662334217
61,212961,213160,1,[  1 523   3 167],[0],[2],[0.00144092 0.75360231 0.00432277 0.24063401],4,0.5889245408446185,0.3741580778845436
62,213161,213360,1,[333   3 358],[],[1],[0.47982709 0.00432277 0.51585014],3,0.7173450222345525,0.5036459068674269
63,213761,213960,1,[206   5 483],[],[1],[0.29682997 0.00720461 0.69596542],3,0.6483253840701808,0.4274721989220075
64,213811,214010,2,[ 89 117   4   1 473  10],[],"[2, 3]",[0.12824207 0.1685879  0.00576369 0.00144092 0.6815562  0.01440922],6,0.9250567812436887,0.49037032115539547
65,213861,214060,3,[ 22  67  36   1  80   4   1   3 470   8   2],[],"[3, 5, 6]","[0.03170029 0.09654179 0.0518732  0.00144092 0.11527378 0.00576369
 0.00144092 0.00432277 0.67723343 0.01152738 0.00288184]",11,1.1419916153376697,0.5148535408482755
66,213961,214160,3,[ 22   3 302   4 235  43   2   1  80   2],[],"[3, 7]","[0.03170029 0.00432277 0.4351585  0.00576369 0.33861671 0.06195965
 0.00288184 0.00144092 0.11527378 0.00288184]",10,1.3559275400076283,0.6777732561519488
67,214011,214210,2,[ 65   5   1 382   4 237],[],"[2, 4]",[0.09365994 0.00720461 0.00144092 0.55043228 0.00576369 0.34149856],6,0.9920274857422451,0.5715436553745983
68,214061,214260,1,[448   4 242],[],[1],[0.64553314 0.00576369 0.34870317],3,0.6796254543161546,0.46165984270278804
69,214761,214960,1,[  1 603  90],[0],[],[0.00144092 0.86887608 0.129683  ],3,0.3964504331923713,0.2282346004036243
70,214861,215060,2,[  1 366   4 233  11  79],[0],[2],[0.00144092 0.52737752 0.00576369 0.33573487 0.01585014 0.11383285],6,1.0560682638268843,0.5959106046890182
71,214961,215160,1,[377   4 313],[],[1],[0.54322767 0.00576369 0.45100865],3,0.7203347677813757,0.501461684757784
72,215261,215460,1,[  1 424   1 268],[0],[2],[0.00144092 0.61095101 0.00144092 0.38616715],4,0.6873257129632027,0.47760964711940135
73,215411,215610,2,[  1 367  57   1   1  38   1 228],"[0, 4]","[3, 6]","[0.00144092 0.52881844 0.08213256 0.00144092 0.00144092 0.05475504
 0.00144092 0.32853026]",8,1.1046610124177385,0.6026667441802523
74,215461,215660,1,[  1 406   1 286],[0],[2],[0.00144092 0.58501441 0.00144092 0.41210375],4,0.6978134004307508,0.48792449069421706
75,216161,216360,1,[469   3 222],[],[1],[0.67579251 0.00432277 0.31988473],3,0.6529576751423154,0.440959562823377
76,218361,218560,1,[  1 358   3 332],[0],[2],[0.00144092 0.51585014 0.00432277 0.47838617],4,0.7271528601066184,0.5050245413548821
77,222311,222510,1,[  3 226   1 464],[0],[2],[0.00432277 0.32564841 0.00144092 0.6685879 ],4,0.6674817891314107,0.4469225722329727
78,222511,222710,1,[  2 504   1 187],[0],[2],[0.00288184 0.72622478 0.00144092 0.26945245],4,0.6119502820905258,0.39998255944323113
79,224211,224410,1,[  3 559   3 129],[0],[2],[0.00432277 0.8054755  0.00432277 0.18587896],4,0.5340785464025325,0.31662085060086864
80,226011,226210,1,[622  72],[],[],[0.8962536 0.1037464],2,0.333237524983857,0.1859661653198681
81,228761,228960,1,[  1 530   1 162],[0],[2],[0.00144092 0.76368876 0.00144092 0.23342939],4,0.5643517590988578,0.36228604174106604
82,229261,229460,1,[320   6 368],[],[1],[0.4610951  0.00864553 0.53025937],3,0.7344203802250437,0.5061415674908023
83,236211,236410,1,[  1 472   1 220],[0],[2],[0.00144092 0.68011527 0.00144092 0.31700288],4,0.645221036308099,0.436948234766504
84,237011,237210,1,[550 144],[],[],[0.7925072 0.2074928],2,0.5106158104152652,0.32887907050137444
85,237261,237460,1,[185   5 504],[],[1],[0.26657061 0.00720461 0.72622478],3,0.6202940695707377,0.4014857693361793
86,239061,239260,1,[  4 336   2 352],[0],[2],[0.00576369 0.48414986 0.00288184 0.50720461],4,0.7420699498961902,0.5083008745193465
87,242061,242260,2,[  1   1  93   1 166   1 408  23],"[0, 1]","[3, 5]","[0.00144092 0.00144092 0.13400576 0.00144092 0.23919308 0.00144092
 0.58789625 0.03314121]",8,1.0744098569712033,0.5781004742170436
88,242411,242610,1,[  1 507   1 185],[0],[2],[0.00144092 0.73054755 0.00144092 0.26657061],4,0.6006550924085048,0.3952362364939498
89,248361,248560,2,[  3 597   2  92],[0],[2],[0.00432277 0.86023055 0.00288184 0.13256484],4,0.4377728293670071,0.24240297652168863
90,249661,249860,1,[  1 607  86],[0],[],[0.00144092 0.87463977 0.12391931],3,0.38533818002997866,0.21964720245164393
91,251961,252160,2,[  1   4  83   3 496   1  17   1  88],"[0, 1]","[3, 5, 7]","[0.00144092 0.00576369 0.11959654 0.00432277 0.71469741 0.00144092
 0.02449568 0.00144092 0.12680115]",9,0.9282980254402289,0.4581675788354692
92,253961,254160,1,[  1 437 256],[0],[],[0.00144092 0.629683   0.36887608],3,0.6685580814815294,0.4674276839771112
93,254361,254560,1,[  1 256 437],[0],[],[0.00144092 0.36887608 0.629683  ],3,0.6685580814815294,0.4674276839771113
94,261961,262160,1,[  5 561   3 125],[0],[2],[0.00720461 0.80835735 0.00432277 0.18011527],4,0.5397980821362064,0.31404629222068126
95,262011,262210,2,[  1   3   1 561   3   1   4 120],"[0, 1, 2, 5]",[4],"[0.00144092 0.00432277 0.00144092 0.80835735 0.00432277 0.00144092
 0.00576369 0.17291066]",8,0.5804989225982075,0.3165834779792208
96,262161,262360,1,[  2 568   3 121],[0],[2],[0.00288184 0.8184438  0.00432277 0.17435159],4,0.5089017111149545,0.29972427310250893
97,262311,262510,1,[298   3 393],[],[1],[0.42939481 0.00432277 0.56628242],3,0.7085571574675616,0.49492562848292065
98,262411,262610,2,[249   1  48   3 260 133],[],"[1, 3]",[0.35878963 0.00144092 0.06916427 0.00432277 0.37463977 0.19164265],6,1.2699173283355858,0.6893836839438912
99,262511,262710,1,[512   1 181],[],[1],[0.73775216 0.00144092 0.26080692],3,0.5843305041965128,0.38769942446162675
100,263561,263760,1,[615   1  78],[],[1],[0.88616715 0.00144092 0.11239193],3,0.36218235937885546,0.2020737652501059
101,266311,266510,1,[ 14 388   3 289],[0],[2],[0.02017291 0.55907781 0.00432277 0.41642651],4,0.7921693320933448,0.5135953292527966
102,266361,266560,3,[ 12   1   1   1 162   1   2  17 205   1   2   1  15   1 272],"[0, 1, 2, 3, 11]","[6, 9, 10]","[0.01729107 0.00144092 0.00144092 0.00144092 0.23342939 0.00144092
 0.00288184 0.02449568 0.29538905 0.00144092 0.00288184 0.00144092
 0.02161383 0.00144092 0.39193084]",15,1.4105372883904992,0.703248926575256
103,266511,266710,2,[ 14   1 162  16   3  18 480],"[0, 1]",[4],"[0.02017291 0.00144092 0.23342939 0.02305476 0.00432277 0.0259366
 0.69164265]",7,0.8879493569633445,0.46550922273251993
104,272611,272810,2,[  1   1  77 474   2   2 137],"[0, 1]","[4, 5]","[0.00144092 0.00144092 0.11095101 0.68299712 0.00288184 0.00288184
 0.19740634]",7,0.8772050101798695,0.4822147846091239
105,274661,274860,1,[568 126],[],[],[0.8184438 0.1815562],2,0.4737450352769771,0.29718708734396926
106,274711,274910,2,[  1 346   1 220   1 125],[0],"[2, 4]",[0.00144092 0.49855908 0.00144092 0.31700288 0.00144092 0.18011527],6,1.048228309886805,0.6185002782184056
107,274861,275060,1,[  1 346   2 345],[0],[2],[0.00144092 0.49855908 0.00288184 0.49711816],4,0.7207472711596696,0.504302004003023
108,275761,275960,1,[  1 463   2 228],[0],[2],[0.00144092 0.66714697 0.00288184 0.32853026],4,0.662004058770985,0.44697240239516967
109,275861,276060,2,[  1 354   2 107   2 225   3],[0],"[2, 4]","[0.00144092 0.51008646 0.00288184 0.15417867 0.00288184 0.32420749
 0.00432277]",7,1.0634880864131175,0.610892873456303
110,275911,276110,3,[  1 336   1  17   2 107   1   1 124   1 100   3],[0],"[2, 4, 6, 7, 9]","[0.00144092 0.48414986 0.00144092 0.02449568 0.00288184 0.15417867
 0.00144092 0.00144092 0.17867435 0.00144092 0.14409222 0.00432277]",12,1.4046899347935853,0.6885033510784078
111,275961,276160,2,[461   2 119   2 110],[],"[1, 3]",[0.66426513 0.00288184 0.17146974 0.00288184 0.15850144],5,0.8997664526377375,0.5042106487056616
112,276061,276260,1,[573   2 119],[],[1],[0.82564841 0.00288184 0.17146974],3,0.4774006266178453,0.28889451785165554
113,276461,276660,1,[  1 522   1 170],[0],[2],[0.00144092 0.75216138 0.00144092 0.24495677],4,0.5776474429660525,0.3742452806683887
114,276861,277060,1,[602   1  91],[],[1],[0.86743516 0.00144092 0.13112392],3,0.39918205104146787,0.23036068732403725
115,277511,277710,1,[292   3 399],[],[1],[0.42074928 0.00432277 0.57492795],3,0.7060115102655968,0.4924092052919633
116,277711,277910,1,[  1 620   1  72],[0],[2],[0.00144092 0.89337176 0.00144092 0.1037464 ],4,0.3546534634557655,0.19111943459375969
117,278061,278260,1,[  2 498   4 190],[0],[2],[0.00288184 0.71757925 0.00576369 0.27377522],4,0.6393813497368204,0.4100856248287088
118,279011,279210,1,[  4 477 213],[0],[],[0.00576369 0.68731988 0.30691643],3,0.6499564347224733,0.43336046308830745
119,279111,279310,2,[  3   1 447   1  29  98   2 113],"[0, 1]","[3, 6]","[0.00432277 0.00144092 0.64409222 0.00144092 0.04178674 0.14121037
 0.00288184 0.16282421]",8,1.0472283891621248,0.536915845161076
120,279211,279410,1,[548   3 143],[],[1],[0.78962536 0.00432277 0.20605187],3,0.5355245884020732,0.3340157297212003
121,284361,284560,2,[181  20   1 439   1  52],[],"[2, 4]",[0.26080692 0.02881844 0.00144092 0.63256484 0.00144092 0.07492795],6,0.9554366235667056,0.5253926201529786
122,284561,284760,1,[432   2 260],[],[1],[0.62247839 0.00288184 0.37463977],3,0.6797581672119735,0.4721573968723267
123,285511,285710,1,[436   3 255],[],[1],[0.62824207 0.00432277 0.36743516],3,0.6834372933863694,0.47028461327641613
124,285661,285860,3,[280   1   1  86  68   1   1   1  17  39   1 198],[],"[1, 2, 5, 6, 7, 10]","[0.40345821 0.00144092 0.00144092 0.12391931 0.09798271 0.00144092
 0.00144092 0.00144092 0.02449568 0.05619597 0.00144092 0.28530259]",12,1.5196162206758295,0.7270968117001221
125,285711,285910,2,[298   2   1 126   1 266],[],"[1, 2, 4]",[0.42939481 0.00288184 0.00144092 0.1815562  0.00144092 0.3832853 ],6,1.0760430098561582,0.6357373618251128
126,290461,290660,1,[341   2 351],[],[1],[0.49135447 0.00288184 0.50576369],3,0.7107800533723405,0.5027655740019434
127,290611,290810,2,[295   1  45   1   1   2 206   2 141],[5],"[1, 3, 4, 7]","[0.42507205 0.00144092 0.0648415  0.00144092 0.00144092 0.00288184
 0.29682997 0.00288184 0.20317003]",9,1.2873599054691582,0.6857004044548165
128,290661,290860,1,[  2 502   3 187],[0],[2],[0.00288184 0.72334294 0.00432277 0.26945245],4,0.6280098529215308,0.4041433779866954
129,293461,293660,1,[620  74],[],[],[0.89337176 0.10662824],2,0.33940727278148225,0.190517320133877
130,293961,294160,1,[  2 549 143],[0],[],[0.00288184 0.79106628 0.20605187],3,0.5277470024707541,0.3317484573412286
131,295211,295410,1,[351   4 339],[],[1],[0.50576369 0.00576369 0.48847262],3,0.7244673808483447,0.5055643681120182
132,295611,295810,1,[  1 518   3 172],[0],[2],[0.00144092 0.74639769 0.00432277 0.24783862],4,0.5970078936936482,0.38144573910588087
133,296211,296410,1,[594   4  96],[],[1],[0.85590778 0.00576369 0.13832853],3,0.43652250873907694,0.24825386806634053
134,297361,297560,2,[  1 530  22   5 136],[0],[3],[0.00144092 0.76368876 0.03170029 0.00720461 0.19596542],5,0.6796535145909179,0.37731814067054803
135,297511,297710,3,[  1 498   1  31   9  13   5  76  60],[0],"[2, 6]","[0.00144092 0.71757925 0.00144092 0.04466859 0.0129683  0.01873199
 0.00720461 0.10951009 0.08645533]",9,1.0161097102220777,0.46304262970375965
136,297561,297760,1,[588   1 105],[],[1],[0.84726225 0.00144092 0.15129683],3,0.4355825049867287,0.25925387637136765
137,299661,299860,1,[  2 178   2 512],[0],[2],[0.00288184 0.25648415 0.00288184 0.73775216],4,0.6070940517251634,0.38992101919291755
138,300361,300560,1,[503   6 185],[],[1],[0.72478386 0.00864553 0.26657061],3,0.6268044676897624,0.4035537210673622
139,300461,300660,2,[484  19   3   1   2 109  76],[],"[2, 3, 4]","[0.69740634 0.02737752 0.00432277 0.00144092 0.00288184 0.15706052
 0.10951009]",7,0.9326042087677928,0.4761853349832652
140,300561,300760,1,[596   1  97],[],[1],[0.85878963 0.00144092 0.13976945],3,0.41519472349559905,0.24294280327882467
141,301961,302160,1,[  1 271   4 418],[0],[2],[0.00144092 0.39048991 0.00576369 0.60230548],4,0.7117073831318381,0.4847104452324992
142,303511,303710,1,[399   2 293],[],[1],[0.57492795 0.00288184 0.4221902 ],3,0.6991398652010752,0.49120497637219807
143,303561,303760,2,[360   1  38   1   1 131   1 161],[],"[1, 3, 4, 6]","[0.51873199 0.00144092 0.05475504 0.00144092 0.00144092 0.18876081
 0.00144092 0.23198847]",8,1.1909119064815767,0.6384614106918918
144,303711,303910,1,[491   3 200],[],[1],[0.7074928  0.00432277 0.28818444],3,0.6268907257478401,0.4163849878331355
145,305661,305860,1,[532   4 158],[],[1],[0.76657061 0.00576369 0.22766571],3,0.5704121204599816,0.3605046134425167
146,305861,306060,2,[  1 174   1   1   1 195 321],[0],"[3, 4]","[0.00144092 0.25072046 0.00144092 0.00144092 0.00144092 0.28097983
 0.46253602]",7,1.0978853084779951,0.6442417095067644
147,306061,306260,1,[  1 439   3 251],[0],[2],[0.00144092 0.63256484 0.00432277 0.36167147],4,0.6904838237228244,0.4690347067079703
148,307261,307460,1,[528   3 163],[],[1],[0.76080692 0.00432277 0.23487032],3,0.5717803792468439,0.3659900837977228
149,307461,307660,1,[  1 486   3 204],[0],[2],[0.00144092 0.70028818 0.00432277 0.29394813],4,0.642342699950804,0.42317019491898444
150,307761,307960,1,[  1 548   2 143],[0],[2],[0.00144092 0.78962536 0.00288184 0.20605187],4,0.5382760905704945,0.33402403474823317
151,307811,308010,2,[  1   1 302   4 241   1   1 131   1  11],"[0, 1]","[3, 5, 6, 8]","[0.00144092 0.00144092 0.4351585  0.00576369 0.34726225 0.00144092
 0.00144092 0.18876081 0.00144092 0.01585014]",10,1.186624849551371,0.654120539162355
152,307911,308110,3,[  1   1 291   1  10   4   1 197  43   1   1 103  28   1  10   1],"[0, 1, 6]","[3, 5, 9, 10, 13]","[0.00144092 0.00144092 0.41930836 0.00144092 0.01440922 0.00576369
 0.00144092 0.28386167 0.06195965 0.00144092 0.00144092 0.14841499
 0.04034582 0.00144092 0.01440922 0.00144092]",16,1.5342075488929288,0.715644179421804
153,307961,308160,3,[  1   1 218   6 171   1   5  33   1   2   3   1   2  88 117   3  41],"[0, 1, 11, 12]","[3, 5, 8, 9, 10]","[0.00144092 0.00144092 0.31412104 0.00864553 0.24639769 0.00144092
 0.00720461 0.04755043 0.00144092 0.00288184 0.00432277 0.00144092
 0.00288184 0.12680115 0.1685879  0.00432277 0.05907781]",17,1.7873889706070154,0.7901734920147165
154,308011,308210,2,[  1   3 307   8 292   1   8  74],"[0, 1]","[3, 5]","[0.00144092 0.00432277 0.44236311 0.01152738 0.42074928 0.00144092
 0.01152738 0.10662824]",8,1.1090107397552225,0.615626738865035
155,308111,308310,1,[  3 316   8 367],[0],[2],[0.00432277 0.45533141 0.01152738 0.52881844],4,0.7701179159406164,0.5128727919009377
156,308261,308460,1,[611  83],[],[],[0.88040346 0.11959654],2,0.3661203574794812,0.2105864179587904
157,308361,308560,2,[212   1 398   6  77],[],[1],[0.3054755  0.00144092 0.57348703 0.00864553 0.11095101],5,0.9755731670892616,0.565410392910829
158,308461,308660,1,[218   1 475],[],[1],[0.31412104 0.00144092 0.68443804],3,0.6326816786559746,0.43287046649336847
159,308511,308710,2,[187  31   1 368   2 105],[],"[2, 4]",[0.26945245 0.04466859 0.00144092 0.53025937 0.00288184 0.15129683],6,1.1406022673300413,0.6213239874095791
160,308561,308760,1,[556   2 136],[],[1],[0.80115274 0.00288184 0.19596542],3,0.5138631270420397,0.31974354076522526
161,317111,317310,1,[598   4  92],[],[1],[0.86167147 0.00576369 0.13256484],3,0.4258768633951776,0.23991562092534613
162,318211,318410,1,[  1 154   2 537],[0],[2],[0.00144092 0.22190202 0.00288184 0.77377522],4,0.5588149405009268,0.35202102832844717
163,318361,318560,2,[  1 132  22   2 441   1  95],[0],"[3, 5]","[0.00144092 0.19020173 0.03170029 0.00288184 0.63544669 0.00144092
 0.13688761]",7,1.0211374116732106,0.540275228595869
164,318411,318610,3,[297 107   4   1   8   1 158   1   1  25  91],[],"[2, 3, 5, 7]","[0.42795389 0.15417867 0.00576369 0.00144092 0.01152738 0.00144092
 0.22766571 0.00144092 0.00144092 0.03602305 0.13112392]",11,1.4933913175345521,0.7225871820212775
165,318511,318710,4,"[ 62   1 234  43  64   1   1   2   1   2   6   1  10   2 146   1   1  20
   5   1  11  79]",[19],"[1, 5, 6, 7, 8, 11, 13, 15]","[0.08933718 0.00144092 0.33717579 0.06195965 0.09221902 0.00144092
 0.00144092 0.00288184 0.00144092 0.00288184 0.00864553 0.00144092
 0.01440922 0.00288184 0.21037464 0.00144092 0.00144092 0.02881844
 0.00720461 0.00144092 0.01585014 0.11383285]",22,1.9813847614385731,0.8073150678105457
166,318561,318760,3,[ 63   1 234  63  69   1   1   2   1   2   6   1   1  21   2 226],[12],"[1, 5, 6, 7, 8, 11, 14]","[0.0907781  0.00144092 0.33717579 0.0907781  0.09942363 0.00144092
 0.00144092 0.00288184 0.00144092 0.00288184 0.00864553 0.00144092
 0.00144092 0.03025937 0.00288184 0.32564841]",16,1.6510904241052156,0.7528714630966125
167,318611,318810,1,[  1 150   4 539],[0],[2],[0.00144092 0.21613833 0.00576369 0.77665706],4,0.5665394471366786,0.35005273692165884
168,318761,318960,1,[  1 470 223],[0],[],[0.00144092 0.67723343 0.32132565],3,0.638172721967128,0.4381026335240721
169,318911,319110,2,[  1 338   5 127  80 143],[0],[2],[0.00144092 0.4870317  0.00720461 0.18299712 0.11527378 0.20605187],6,1.2806601807996731,0.6735127772840901
170,318961,319160,1,[418   5 271],[],[1],[0.60230548 0.00720461 0.39048991],3,0.7081021783513037,0.48469383517843345
171,319111,319310,1,[  2 594   5  93],[0],[2],[0.00288184 0.85590778 0.00720461 0.13400576],4,0.454904881993902,0.2494041143103921
172,319161,319360,2,[  1   1 589   5   2   3   1  29  63],"[0, 1, 6]","[4, 5]","[0.00144092 0.00144092 0.84870317 0.00720461 0.00288184 0.00432277
 0.00144092 0.04178674 0.0907781 ]",9,0.5939252605178224,0.2696310076489299
173,319311,319510,1,[  2 621   3  68],[0],[2],[0.00288184 0.89481268 0.00432277 0.09798271],4,0.3674499762707961,0.1896826649170743
174,322611,322810,1,[ 72 622],[],[],[0.1037464 0.8962536],2,0.333237524983857,0.1859661653198681
175,327261,327460,1,[  3 400   5 286],[0],[2],[0.00432277 0.57636888 0.00720461 0.41210375],4,0.7419784400949234,0.49789882816068554
176,327361,327560,2,[  1   2 337   4  59   1   1   3   2 284],"[0, 1]","[0, 3, 5, 6, 7]","[0.00144092 0.00288184 0.48559078 0.00576369 0.08501441 0.00144092
 0.00144092 0.00432277 0.00288184 0.4092219 ]",10,1.0412256443833328,0.5894368361169016
177,327411,327610,3,[  1   2 279  58   2   2   3   1  55   1   1   3   1   1   1 283],"[0, 1]","[0, 4, 5, 7, 9, 10, 11]","[0.00144092 0.00288184 0.40201729 0.08357349 0.00288184 0.00288184
 0.00432277 0.00144092 0.07925072 0.00144092 0.00144092 0.00432277
 0.00144092 0.00144092 0.00144092 0.40778098]",16,1.3041014478612083,0.6587547442466926
178,327461,327660,3,[259  21  52   8   1   1   1   2   1   4   1   1  61   1 280],[11],"[4, 5, 6, 7, 8, 10, 13]","[0.37319885 0.03025937 0.07492795 0.01152738 0.00144092 0.00144092
 0.00144092 0.00288184 0.00144092 0.00576369 0.00144092 0.00144092
 0.08789625 0.00144092 0.40345821]",15,1.4117954312854697,0.6834995722911078
179,327511,327710,4,"[201  58  19   2  30   1  21   7   1   1   1   1   1   1   1   4   1   1
  34  27   1  41 239]",[17],"[5, 9, 10, 11, 12, 13, 14, 16, 20]","[0.28962536 0.08357349 0.02737752 0.00288184 0.04322767 0.00144092
 0.03025937 0.01008646 0.00144092 0.00144092 0.00144092 0.00144092
 0.00144092 0.00144092 0.00144092 0.00576369 0.00144092 0.00144092
 0.04899135 0.0389049  0.00144092 0.05907781 0.3443804 ]",23,1.9114155425063062,0.7794309395477083
180,327561,327760,4,"[ 77 128  58   2  17   2   1   1   1   1   1  30  35   1  35  14   2  20
  28 232   8]",[10],"[6, 7, 8, 9, 13, 16]","[0.11095101 0.18443804 0.08357349 0.00288184 0.02449568 0.00288184
 0.00144092 0.00144092 0.00144092 0.00144092 0.00144092 0.04322767
 0.05043228 0.00144092 0.05043228 0.02017291 0.00288184 0.02881844
 0.04034582 0.33429395 0.01152738]",21,2.126457322908537,0.8243445257414314
181,327611,327810,3,[  1 107 164   1  93  14   1   1   2  22  45 233  10],[0],"[3, 6, 7, 8]","[0.00144092 0.15417867 0.23631124 0.00144092 0.13400576 0.02017291
 0.00144092 0.00144092 0.00288184 0.03170029 0.0648415  0.33573487
 0.01440922]",13,1.74613739867125,0.7838699764967735
182,327661,327860,2,[130 210   1 329  24],[],[2],[0.18731988 0.30259366 0.00144092 0.4740634  0.03458213],5,1.1550824043972192,0.6474142298333181
183,327711,327910,1,[459   1 234],[],[1],[0.66138329 0.00144092 0.33717579],3,0.649418376340389,0.4488825586127282
184,331261,331460,1,[  1 554   3 136],[0],[2],[0.00144092 0.79827089 0.00432277 0.19596542],4,0.5322037504432561,0.32434037322791487
185,332161,332360,1,[  2 349   5 338],[0],[2],[0.00288184 0.50288184 0.00720461 0.4870317 ],4,0.7484617336405253,0.5098497620609754
186,345311,345510,1,[  1 313   2 378],[0],[2],[0.00144092 0.45100865 0.00288184 0.54466859],4,0.7163366594341936,0.4999169497296714
187,345411,345610,2,[  1 167   4 142   2 336  42],[0],"[2, 4]","[0.00144092 0.24063401 0.00576369 0.20461095 0.00288184 0.48414986
 0.06051873]",7,1.2443518533394924,0.6621224327085184
188,345511,345710,1,[506   4 184],[],[1],[0.72910663 0.00576369 0.26512968],3,0.6120383704434176,0.3980765557391889
189,346311,346510,1,[  3 150   4 537],[0],[2],[0.00432277 0.21613833 0.00576369 0.77377522],4,0.5827928752385299,0.3545042314112733
190,346961,347160,1,[  8 344   7 335],[0],[2],[0.01152738 0.49567723 0.01008646 0.48270893],4,0.7972682693329254,0.5210615485553406
191,353161,353360,1,[624   1  69],[],[1],[0.89913545 0.00144092 0.09942363],3,0.3345307808530094,0.18166831383036153
192,354561,354760,1,[466   5 223],[],[1],[0.67146974 0.00720461 0.32132565],3,0.6677788767887527,0.4458263086646347
193,355411,355610,1,[607   1  86],[],[1],[0.87463977 0.00144092 0.12391931],3,0.38533818002997866,0.21964720245164393
194,358111,358310,1,[  2  90   4 598],[0],[2],[0.00288184 0.129683   0.00576369 0.86167147],4,0.43976070258490096,0.24066307335830373
195,362811,363010,1,[  1 388   3 302],[0],[2],[0.00144092 0.55907781 0.00432277 0.4351585 ],4,0.7201162430903131,0.49804831864727706
196,363111,363310,1,[528   1 165],[],[1],[0.76080692 0.00144092 0.23775216],3,0.5589505757942658,0.364644669418399
197,365611,365810,1,[333   4 357],[],[1],[0.47982709 0.00576369 0.51440922],3,0.7240161958046453,0.5051158966522437
198,365811,366010,1,[513   3 178],[],[1],[0.73919308 0.00432277 0.25648415],3,0.5959088230563718,0.38779077975898824
199,365961,366160,2,[192   2 319   3  40 138],[],"[1, 3]",[0.27665706 0.00288184 0.45965418 0.00432277 0.05763689 0.19884726],6,1.23882154096635,0.6692896710378791
200,366011,366210,1,[232   2 460],[],[1],[0.33429395 0.00288184 0.66282421],3,0.6557377389650919,0.4489033211803105
201,370861,371060,1,[608  86],[],[],[0.87608069 0.12391931],2,0.3746618802283733,0.21712662674716998
202,372261,372460,1,[595   1  98],[],[1],[0.8573487  0.00144092 0.14121037],3,0.4178021489659316,0.24501075501000746
203,372311,372510,2,[592   3   1   9  89],[],[2],[0.85302594 0.00432277 0.00144092 0.0129683  0.12824207],5,0.4882998815161386,0.25571178234185166
204,372461,372660,2,[422   2 177   1  92],[],"[1, 3]",[0.60806916 0.00288184 0.25504323 0.00144092 0.13256484],5,0.9451209682324581,0.5476210250064364
205,372511,372710,1,[515   2 177],[],[1],[0.74207493 0.00288184 0.25504323],3,0.5866927805809949,0.3842694482970541
206,373561,373760,1,[360   2 332],[],[1],[0.51873199 0.00288184 0.47838617],3,0.710067702058029,0.5020554941906336
207,374811,375010,1,[  2 501   2 189],[0],[2],[0.00288184 0.72190202 0.00288184 0.27233429],4,0.623188918414543,0.4046748997167985
208,375511,375710,1,[601   2  91],[],[1],[0.86599424 0.00288184 0.13112392],3,0.4078465064580826,0.23285219543389624
209,375711,375910,1,[  1 509   2 182],[0],[2],[0.00144092 0.73342939 0.00288184 0.26224784],4,0.6046743353867574,0.3932970126817763
210,376211,376410,1,[600   1  93],[],[1],[0.86455331 0.00144092 0.13400576],3,0.40459077031524737,0.23458794608376465
211,377161,377360,1,[  1 582   1 110],[0],[2],[0.00144092 0.83861671 0.00144092 0.15850144],4,0.45841051840757896,0.2715951465422022
212,377611,377810,1,[  3 601   2  88],[0],[2],[0.00432277 0.86599424 0.00288184 0.12680115],4,0.42684757065541234,0.23394845900223415
213,377861,378060,1,[459   3 232],[],[1],[0.66138329 0.00432277 0.33429395],3,0.6632602119327721,0.4508010198573196
214,378661,378860,1,[604   4  86],[],[1],[0.870317   0.00576369 0.12391931],3,0.4093626514651483,0.2271590994028686
215,391311,391510,1,[  1 605  88],[0],[],[0.00144092 0.87175793 0.12680115],3,0.390931821050405,0.22395751148169996
216,391561,391760,2,[  1   6 188  24   1   1 327   2 144],"[0, 1]","[4, 5, 7]","[0.00144092 0.00864553 0.27089337 0.03458213 0.00144092 0.00144092
 0.47118156 0.00288184 0.2074928 ]",9,1.237239506415716,0.6602662591666736
217,391611,391810,3,[  1   4   2 144  44  17   1   6   1   1 308  19   1   1   1  37 106],"[0, 1, 2, 14]","[6, 8, 9, 12, 13]","[0.00144092 0.00576369 0.00288184 0.2074928  0.06340058 0.02449568
 0.00144092 0.00864553 0.00144092 0.00144092 0.44380403 0.02737752
 0.00144092 0.00144092 0.00144092 0.05331412 0.15273775]",17,1.6480228322575108,0.7283134981604364
218,391761,391960,1,[  1 513   1 179],[0],[2],[0.00144092 0.73919308 0.00144092 0.25792507],4,0.5917463584634328,0.38706408989361274
219,393211,393410,1,[  9 138   5 542],[0],[2],[0.0129683  0.19884726 0.00720461 0.78097983],4,0.606135660665048,0.35031019275967734
220,393261,393460,2,[  3   5   1 119  19   2   2   1 327 215],"[0, 1, 2]","[5, 6, 7]","[0.00432277 0.00720461 0.00144092 0.17146974 0.02737752 0.00288184
 0.00288184 0.00144092 0.47118156 0.30979827]",10,1.2301091314496024,0.6517702165120547
221,393311,393510,3,[  2   1   5   1   1 117   1  16   3   2   2   1 321   6  97   2 116],"[0, 1, 2, 3, 4]","[9, 10, 11, 15]","[0.00288184 0.00144092 0.00720461 0.00144092 0.00144092 0.1685879
 0.00144092 0.02305476 0.00432277 0.00288184 0.00288184 0.00144092
 0.46253602 0.00864553 0.13976945 0.00288184 0.16714697]",17,1.5324279284850493,0.7094444767417718
222,393411,393610,2,[  2   1   1 445   7   2 113   3 120],"[0, 1, 2]","[5, 7]","[0.00288184 0.00144092 0.00144092 0.64121037 0.01008646 0.00288184
 0.16282421 0.00432277 0.17291066]",9,1.0064104549679742,0.532298250130804
223,393461,393660,1,[  1 562   3 128],[0],[2],[0.00144092 0.80979827 0.00432277 0.18443804],4,0.5155847122532459,0.3101886071639164
224,401961,402160,1,[  1 482   4 207],[0],[2],[0.00144092 0.6945245  0.00576369 0.29827089],4,0.6531534725776975,0.4286349027066083
225,402011,402210,2,[  1 134   4 344   4 207],[0],"[2, 4]",[0.00144092 0.19308357 0.00576369 0.49567723 0.00576369 0.29827089],6,1.0951313143616148,0.6279887716034516
226,402161,402360,1,[134   4 556],[],[1],[0.19308357 0.00576369 0.80115274],3,0.5248885567010041,0.3208398043335632
227,408761,408960,1,[  1 586   4 103],[0],[2],[0.00144092 0.8443804  0.00576369 0.14841499],4,0.4651122199819321,0.2649594299429444
228,408911,409110,2,[  1 340   2 244   1   3   1  27   1  74],"[0, 6]","[2, 4, 5, 8]","[0.00144092 0.48991354 0.00288184 0.35158501 0.00144092 0.00432277
 0.00144092 0.0389049  0.00144092 0.10662824]",10,1.160164899317523,0.6234542268435084
229,408961,409160,1,[  1 369   3 321],[0],[2],[0.00144092 0.53170029 0.00432277 0.46253602],4,0.7254512126081101,0.5033344683536944
230,409111,409310,1,[  1 588 105],[0],[],[0.00144092 0.84726225 0.15129683],3,0.4355825049867287,0.25925387637136765
231,409311,409510,1,[149   1 544],[],[1],[0.21469741 0.00144092 0.78386167],3,0.5306327820118388,0.33946382745475845
232,409411,409610,2,[ 35 114   1 231   1 312],[],"[2, 4]",[0.05043228 0.16426513 0.00144092 0.33285303 0.00144092 0.44956772],6,1.1917813394748236,0.6575671253809932
233,409511,409710,1,[266   1 427],[],[1],[0.3832853  0.00144092 0.61527378],3,0.6758195227768988,0.47452848209020915
234,411061,411260,1,[268   1 425],[],[1],[0.38616715 0.00144092 0.61239193],3,0.677165897726132,0.47584898138843446
235,411611,411810,1,[  1 283   4 406],[0],[2],[0.00144092 0.40778098 0.00576369 0.58501441],4,0.7185727785531745,0.4914375171291182
236,413861,414060,1,[586   1 107],[],[1],[0.8443804  0.00144092 0.15417867],3,0.44051507004635293,0.2632485943741747
237,414861,415060,1,[491   1 202],[],[1],[0.7074928  0.00144092 0.29106628],3,0.6134746382846821,0.4147322874535957
238,415161,415360,1,[  2 478 214],[0],[],[0.00288184 0.68876081 0.30835735],3,0.636450214531715,0.43051599132955176
239,415211,415410,2,[  1   1   1 331   6 140 187   2  25],"[0, 1, 2]","[4, 7]","[0.00144092 0.00144092 0.00144092 0.47694524 0.00864553 0.20172911
 0.26945245 0.00288184 0.03602305]",9,1.2353290504706211,0.6578370387595611
240,415311,415510,3,[  1   1   1 190 141   5   1 118  22  15   1 171   2   1  24],"[0, 1, 2]","[5, 6, 10, 12]","[0.00144092 0.00144092 0.00144092 0.27377522 0.20317003 0.00720461
 0.00144092 0.17002882 0.03170029 0.02161383 0.00144092 0.24639769
 0.00288184 0.00144092 0.03458213]",15,1.7424641291742766,0.7914067885290967
241,415361,415560,2,[  1 205   1 313   5   1   2 120  46],[0],"[2, 4, 5, 6]","[0.00144092 0.29538905 0.00144092 0.45100865 0.00720461 0.00144092
 0.00288184 0.17291066 0.06628242]",9,1.2833528803078478,0.6749786145553904
242,415411,415610,1,[330   2 362],[],[1],[0.47550432 0.00288184 0.52161383],3,0.7098176737430832,0.5018063433796477
243,416061,416260,1,[599   5  90],[],[1],[0.86311239 0.00720461 0.129683  ],3,0.4274982470153801,0.23816741273492836
244,416711,416910,1,[573   3 118],[],[1],[0.82564841 0.00432277 0.17002882],3,0.48297032040522153,0.28937620941956155
245,417211,417410,1,[  4 536 154],[0],[],[0.00576369 0.77233429 0.22190202],3,0.5633195274374554,0.35422601300567225
246,418461,418660,1,[  1 396   2 295],[0],[2],[0.00144092 0.57060519 0.00288184 0.42507205],4,0.7100741908553043,0.49371309453612267
247,419111,419310,1,[511   3 180],[],[1],[0.73631124 0.00432277 0.25936599],3,0.5989374783449382,0.39055635376093156
248,420311,420510,1,[621   1  72],[],[1],[0.89481268 0.00144092 0.1037464 ],3,0.3439466543831067,0.18854487621357197
249,420661,420860,1,[621  73],[],[],[0.89481268 0.10518732],2,0.3363334286847254,0.18824589524038893
250,423061,423260,1,[  1  95   3 595],[0],[2],[0.00144092 0.13688761 0.00432277 0.8573487 ],4,0.4371287647320128,0.2461942213621905
251,424461,424660,1,[  1 508   1 184],[0],[2],[0.00144092 0.73198847 0.00144092 0.26512968],4,0.5991970977259368,0.3938949746281425
252,429111,429310,1,[568   1 125],[],[1],[0.8184438  0.00144092 0.18011527],3,0.4821489302526235,0.2977061515335232
253,429261,429460,3,[443   4   4 117   1 124   1],[],"[2, 4]","[0.63832853 0.00576369 0.00576369 0.1685879  0.00144092 0.17867435
 0.00144092]",7,0.9726866182513055,0.5321196920495976
254,429311,429510,3,[440   1 127   4   4 118],[],"[1, 4]",[0.63400576 0.00144092 0.18299712 0.00576369 0.00576369 0.17002882],6,0.969815216418096,0.5355704307817521
255,429361,429560,4,[440   1  12 115   4   4 118],[],"[1, 5]","[0.63400576 0.00144092 0.01729107 0.16570605 0.00576369 0.00576369
 0.17002882]",7,1.0270568380622045,0.5413008994344276
256,429411,429610,5,[432   1   7   1   2  10   4 111   4   4 118],[],"[1, 3, 9]","[0.62247839 0.00144092 0.01008646 0.00144092 0.00288184 0.01440922
 0.00576369 0.15994236 0.00576369 0.00576369 0.17002882]",11,1.121827089005422,0.5576078200134541
257,429461,429660,3,[558   1   7   1   2  10   4 111],[],"[1, 3]","[0.80403458 0.00144092 0.01008646 0.00144092 0.00288184 0.01440922
 0.00576369 0.15994236]",8,0.6414217484990701,0.3275917913112807
258,429511,429710,2,[560   1  18   4 111],[],[1],[0.80691643 0.00144092 0.0259366  0.00576369 0.15994236],5,0.6001458505347169,0.3225963175510135
259,429561,429760,1,[564   1 129],[],[1],[0.81268012 0.00144092 0.18587896],3,0.49076245329129886,0.30499796526837686
260,429661,429860,1,[136   2 556],[],[1],[0.19596542 0.00288184 0.80115274],3,0.5138631270420397,0.31974354076522526
261,429861,430060,1,[210   2 482],[],[1],[0.30259366 0.00288184 0.6945245 ],3,0.6317400602414189,0.4260644968399373
262,432111,432310,3,[  1 327  65   2 139   2   1 136  21],[0],"[3, 5, 6]","[0.00144092 0.47118156 0.09365994 0.00288184 0.20028818 0.00288184
 0.00144092 0.19596542 0.03025937]",9,1.3762289496907827,0.6897615626738866
263,432311,432510,1,[  1 520 173],[0],[],[0.00144092 0.74927954 0.24927954],3,0.5719958396604619,0.3764378078050644
264,432411,432610,2,[  1   2 384   1 133 173],"[0, 1]",[3],[0.00144092 0.00288184 0.55331412 0.00144092 0.19164265 0.24927954],6,1.0260902393880496,0.5949638316072718
265,432511,432710,1,[  3 557   1 133],[0],[2],[0.00432277 0.80259366 0.00144092 0.19164265],4,0.5260726671941319,0.3190957486566619
266,433011,433210,1,[  2 154   2 536],[0],[2],[0.00288184 0.22190202 0.00288184 0.77233429],4,0.5673146120516337,0.35424262305973797
267,433061,433260,3,[  2 154   2 389   2  74   2  69],[0],"[2, 4, 6]","[0.00288184 0.22190202 0.00288184 0.56051873 0.00288184 0.10662824
 0.00288184 0.09942363]",8,1.194168778088831,0.6152903852702041
268,433211,433410,3,[  2 167   1 375   2  74   2   2  69],[0],"[2, 4, 6, 7]","[0.00288184 0.24063401 0.00144092 0.54034582 0.00288184 0.10662824
 0.00288184 0.00288184 0.09942363]",9,1.2204235893666011,0.6288317318472871
269,433261,433460,1,[  2 167   3 522],[0],[2],[0.00288184 0.24063401 0.00432277 0.75216138],4,0.5973861121271795,0.37632153742660435
270,437161,437360,1,[  1 457   4 232],[0],[2],[0.00144092 0.65850144 0.00576369 0.33429395],4,0.6805576127982814,0.45458811218430517
271,439761,439960,1,[  2 408   3 281],[0],[2],[0.00288184 0.58789625 0.00432277 0.40489914],4,0.7187589915344634,0.4904076937770432
272,440561,440760,1,[607   1  86],[],[1],[0.87463977 0.00144092 0.12391931],3,0.38533818002997866,0.21964720245164393
273,440661,440860,2,[318   2 287   1   6  80],[],"[1, 3]",[0.45821326 0.00288184 0.41354467 0.00144092 0.00864553 0.11527378],6,1.0391539236227896,0.6056482488850501
274,440761,440960,1,[324   2 368],[],[1],[0.46685879 0.00288184 0.53025937],3,0.7088671842474368,0.5008595702979014
275,440911,441110,2,[502   1  65   2 113  11],[],"[1, 3]",[0.72334294 0.00144092 0.09365994 0.00288184 0.16282421 0.01585014],6,0.8435808963787628,0.4412294762019451
276,441061,441260,3,[314   3 185   1  65   1   1  93  20  11],[],"[1, 3, 5, 6]","[0.45244957 0.00432277 0.26657061 0.00144092 0.09365994 0.00144092
 0.00144092 0.13400576 0.02881844 0.01585014]",10,1.422112477856924,0.6963931267596277
277,441111,441310,1,[485   3 206],[],[1],[0.69884726 0.00432277 0.29682997],3,0.6344740646259149,0.4234857859462332
278,450011,450210,1,[  2 510   1 181],[0],[2],[0.00288184 0.73487032 0.00144092 0.26080692],4,0.603187051088067,0.3919349882483868
279,451011,451210,1,[  3 566   2 123],[0],[2],[0.00432277 0.81556196 0.00288184 0.17723343],4,0.513329229669725,0.30342001013213304
280,456761,456960,1,[614   2  78],[],[1],[0.88472622 0.00288184 0.11239193],3,0.3708776251678225,0.20461925603567843
281,457111,457310,1,[  2 242   8 442],[0],[2],[0.00288184 0.34870317 0.01152738 0.63688761],4,0.7230141445085059,0.47263908844023295
282,457511,457710,1,[142   4 548],[],[1],[0.20461095 0.00576369 0.78962536],3,0.54087040881895,0.3345929290999843
283,459061,459260,1,[598   2  94],[],[1],[0.86167147 0.00288184 0.13544669],3,0.41592545509329143,0.23916816849238842
284,463511,463710,1,[  6 441   4 243],[0],[2],[0.00864553 0.63544669 0.00576369 0.35014409],4,0.7263646765534035,0.4734986587381341
285,464161,464360,1,[611   2  81],[],[1],[0.88040346 0.00288184 0.1167147 ],3,0.37970406721655636,0.21125912514845235
286,464361,464560,1,[  2 555   3 134],[0],[2],[0.00288184 0.79971182 0.00432277 0.19308357],4,0.5366795000603816,0.32315275436221536
287,464661,464860,1,[  1 532   2 159],[0],[2],[0.00144092 0.76657061 0.00288184 0.22910663],4,0.5676644693772778,0.3598692788745027
288,464761,464960,2,[  1 389   2 141   2  52   2 105],[0],"[2, 4, 6]","[0.00144092 0.56051873 0.00288184 0.20317003 0.00288184 0.07492795
 0.00288184 0.15129683]",8,1.1881536572978257,0.6160087701085468
289,464861,465060,1,[442   4 248],[],[1],[0.63688761 0.00576369 0.3573487 ],3,0.6847853980115053,0.4666428589225059
290,466411,466610,1,[598   2  94],[],[1],[0.86167147 0.00288184 0.13544669],3,0.41592545509329143,0.23916816849238842
291,468961,469160,1,[  1 609   1  83],[0],[2],[0.00144092 0.87752161 0.00144092 0.11959654],4,0.3874847912237427,0.21564833193532051
292,469761,469960,2,[  1 535   1   3 154],[0],[3],[0.00144092 0.77089337 0.00144092 0.00432277 0.22190202],5,0.5770551777588697,0.3564600652775125
293,473061,473260,1,[363   2 329],[],[1],[0.52305476 0.00288184 0.4740634 ],3,0.7096801403323548,0.5016693104336055
294,473211,473410,2,[  1 343   1  18   2 253  76],[0],"[2, 4]","[0.00144092 0.49423631 0.00144092 0.0259366  0.00288184 0.36455331
 0.10951009]",7,1.0888151825658938,0.6101537260503782
295,473261,473460,1,[  1 598   1  94],[0],[2],[0.00144092 0.86167147 0.00144092 0.13544669],4,0.41792299740038064,0.2391723210059049
296,473411,473610,1,[584   2 108],[],[1],[0.84149856 0.00288184 0.1556196 ],3,0.45158054716066587,0.2676544112151086
297,477461,477660,1,[567   2 125],[],[1],[0.81700288 0.00288184 0.18011527],3,0.4907295444584717,0.3000564741838234
298,477861,478060,1,[  2 597   2  93],[0],[2],[0.00288184 0.86023055 0.00288184 0.13400576],4,0.43256006096663724,0.24202925030520972
299,477911,478110,2,[  1   1   2 503   1  91   1   1   1  92],"[0, 1, 2]","[4, 6, 7]","[0.00144092 0.00144092 0.00288184 0.72478386 0.00144092 0.13112392
 0.00144092 0.00144092 0.00144092 0.13256484]",10,0.8409792888888884,0.43990067187668713
300,478011,478210,3,[  1   1   2 464  39   1  43  48   1   1   1  13   1  78],"[0, 1, 2]","[5, 8, 9, 12]","[0.00144092 0.00144092 0.00288184 0.6685879  0.05619597 0.00144092
 0.06195965 0.06916427 0.00144092 0.00144092 0.00144092 0.01873199
 0.00144092 0.11239193]",14,1.1910475881431897,0.5282038718036027
301,478061,478260,2,[  2 465  40   1   1  56   1 128],[0],"[3, 4, 6]","[0.00288184 0.67002882 0.05763689 0.00144092 0.00144092 0.08069164
 0.00144092 0.18443804]",8,0.9928056282493443,0.5071963059239758
302,478111,478310,1,[524   2 168],[],[1],[0.75504323 0.00288184 0.24207493],3,0.5723943157156035,0.37130114858523855
303,478611,478810,1,[  1 554   1 138],[0],[2],[0.00144092 0.79827089 0.00144092 0.19884726],4,0.519892356746445,0.32321919457847836
304,479111,479310,1,[  2 587 105],[0],[],[0.00288184 0.84582133 0.15129683],3,0.44421302626076353,0.2616872492919966
305,479961,480160,1,[  3 299   4 388],[0],[2],[0.00432277 0.43083573 0.00576369 0.55907781],4,0.7411121413020073,0.5017606657309669
306,488361,488560,1,[  2 413   7 272],[0],[2],[0.00288184 0.59510086 0.01008646 0.39193084],4,0.7392015234319849,0.49213513939987874
307,492311,492510,1,[  2  90   2 600],[0],[2],[0.00288184 0.129683   0.00288184 0.86455331],4,0.42444133776667275,0.23571327724671753
308,492461,492660,2,[  2   1  75   2  12   1   1  16 422   5 157],"[0, 1, 7]","[3, 5, 6, 9]","[0.00288184 0.00144092 0.10806916 0.00288184 0.01729107 0.00144092
 0.00144092 0.02305476 0.60806916 0.00720461 0.22622478]",11,1.133776686564719,0.566490046425101
309,492511,492710,1,[ 17 500   8 169],[0],[2],[0.02449568 0.7204611  0.01152738 0.24351585],4,0.722504970282756,0.42090292253901285
310,492761,492960,1,[  3 571   1 119],[0],[2],[0.00432277 0.82276657 0.00144092 0.17146974],4,0.49582819788453053,0.293632535773904
311,493811,494010,1,[  1 600  93],[0],[],[0.00144092 0.86455331 0.13400576],3,0.40459077031524737,0.23458794608376465
312,494811,495010,1,[  2 574   3 115],[0],[2],[0.00288184 0.82708934 0.00432277 0.16570605],4,0.49526936760143114,0.28843774136484823
313,496361,496560,1,[  2  80 612],[0],[],[0.00288184 0.11527378 0.88184438],3,0.3767823610362368,0.20905414047122717
314,497261,497460,1,[558   2 134],[],[1],[0.80403458 0.00288184 0.19308357],3,0.5097786916835861,0.316238819357357
315,497661,497860,1,[  1 526   3 164],[0],[2],[0.00144092 0.75792507 0.00432277 0.23631124],4,0.583938287698147,0.3696858208273469
316,498411,498610,1,[616   5  73],[],[1],[0.88760807 0.00720461 0.10518732],3,0.37824882174217733,0.201035636870998
317,498861,499060,1,[  2 321   4 367],[0],[2],[0.00288184 0.46253602 0.00576369 0.52881844],4,0.7401205619961967,0.506369955734206
318,499811,500010,1,[  1 228   1 464],[0],[2],[0.00144092 0.32853026 0.00144092 0.6685879 ],4,0.653715136825832,0.4450539411505785
319,499961,500160,3,[  1 198   2  28   1 315   2  75   2  70],[0],"[2, 4, 6, 8]","[0.00144092 0.28530259 0.00288184 0.04034582 0.00144092 0.45389049
 0.00288184 0.10806916 0.00288184 0.10086455]",10,1.387134585673179,0.6890763979436754
320,500011,500210,2,[514   5 103   2  70],[],"[1, 3]",[0.74063401 0.00720461 0.14841499 0.00288184 0.10086455],5,0.7892904113737311,0.419200391997276
321,500411,500610,1,[  2 363   1 328],[0],[2],[0.00288184 0.52305476 0.00144092 0.47262248],4,0.7194705386778998,0.503031334866995
322,501411,501610,1,[319   2 373],[],[1],[0.45965418 0.00288184 0.53746398],3,0.7078451497335646,0.4998422044863756
323,501661,501860,1,[530 164],[],[],[0.76368876 0.23631124],2,0.5467905374050216,0.3609364748482258
324,503361,503560,1,[610  84],[],[],[0.87896254 0.12103746],2,0.36898698215676695,0.21277479258194987
325,503461,503660,2,[517   1  92  84],[],[1],[0.74495677 0.00144092 0.13256484 0.12103746],4,0.7522250926217787,0.4128138262090043
326,503511,503710,3,[  2 403   2 110   1  92  58  26],[0],"[2, 4]","[0.00288184 0.58069164 0.00288184 0.15850144 0.00144092 0.13256484
 0.08357349 0.03746398]",8,1.2490748176931428,0.6116943085649744
327,503561,503760,3,[  2   1 331   1 128   2   1 135   1  56  36],"[0, 1, 6]","[3, 5, 8]","[0.00288184 0.00144092 0.47694524 0.00144092 0.18443804 0.00288184
 0.00144092 0.1945245  0.00144092 0.08069164 0.0518732 ]",11,1.4113882194282241,0.6914391781345248
328,503661,503860,2,[  2   1 388   1 164   2   1 135],"[0, 1, 6]","[3, 5]","[0.00288184 0.00144092 0.55907781 0.00144092 0.23631124 0.00288184
 0.00144092 0.1945245 ]",8,1.0464592087079192,0.5937263825793752
329,503711,503910,1,[  2 527   1 164],[0],[2],[0.00288184 0.75936599 0.00144092 0.23631124],4,0.5762196872999077,0.3675099037447368
330,506261,506460,1,[400   8 286],[],[1],[0.57636888 0.01152738 0.41210375],3,0.7343523508942551,0.49783654045793924
331,507111,507310,1,[  1 583   2 108],[0],[2],[0.00144092 0.84005764 0.00288184 0.1556196 ],4,0.46219876665540294,0.2700753265951882
332,508561,508760,1,[ 16 404   1 273],[0],[2],[0.02305476 0.58213256 0.00144092 0.39337176],4,0.7783237899914801,0.5058467390311355
333,508711,508910,2,[ 15   1 323   2  79   1 222   1  50],"[0, 1]","[3, 5, 7]","[0.02161383 0.00144092 0.46541787 0.00288184 0.11383285 0.00144092
 0.31988473 0.00144092 0.07204611]",9,1.2854537225089384,0.6624297187087345
334,508761,508960,1,[561   3 130],[],[1],[0.80835735 0.00432277 0.18731988],3,0.509260514651671,0.31145097127291155
335,508961,509160,1,[  6  72   1 615],[0],[2],[0.00864553 0.1037464  0.00144092 0.88616715],4,0.3926618566371608,0.20386765108920424
336,509261,509460,1,[595   1  98],[],[1],[0.8573487  0.00144092 0.14121037],3,0.4178021489659316,0.24501075501000746
337,512911,513110,1,[262   1 431],[],[1],[0.37752161 0.00144092 0.62103746],3,0.6730211725815557,0.4717878231693644
338,512961,513160,2,[199  63   1  60   1 370],[],"[2, 4]",[0.28674352 0.0907781  0.00144092 0.08645533 0.00144092 0.53314121],6,1.1418351684285242,0.6178192660017108
339,513111,513310,1,[259   2 433],[],[1],[0.37319885 0.00288184 0.62391931],3,0.6790221066647608,0.4714390120339842
340,513461,513660,1,[454   4 236],[],[1],[0.65417867 0.00576369 0.34005764],3,0.674135344741249,0.456377845509887
341,513611,513810,2,[256   4 194   1   3 106 130],[],"[1, 3, 4]","[0.36887608 0.00576369 0.2795389  0.00144092 0.00432277 0.15273775
 0.18731988]",7,1.3876089266586165,0.727316894916493
342,513661,513860,1,[363   4 327],[],[1],[0.52305476 0.00576369 0.47118156],3,0.7232639170399137,0.504368444219286
343,513811,514010,1,[  3 374   6 311],[0],[2],[0.00432277 0.5389049  0.00864553 0.4481268 ],4,0.7574666901867045,0.508670448222309
344,514811,515010,1,[  4 575   5 110],[0],[2],[0.00576369 0.82853026 0.00720461 0.15850144],4,0.5130656482556628,0.288329776013421
345,518061,518260,1,[494   5 195],[],[1],[0.71181556 0.00720461 0.28097983],3,0.6342087775486851,0.4143170361019525
346,518111,518310,2,[403   2  89   1   4   2   2   2 189],[5],"[1, 3, 4, 7]","[0.58069164 0.00288184 0.12824207 0.00144092 0.00576369 0.00288184
 0.00288184 0.00288184 0.27233429]",9,1.0398197816798518,0.5721167022398659
347,518261,518460,1,[  2 405   5 282],[0],[2],[0.00288184 0.58357349 0.00720461 0.40634006],4,0.7326368883079764,0.49426953134732443
348,519461,519660,2,[  1 295   3 240   3 152],[0],"[2, 4]",[0.00144092 0.42507205 0.00432277 0.34582133 0.00432277 0.21902017],6,1.1199466224333645,0.6517120813228247
349,519661,519860,1,[578   2 114],[],[1],[0.83285303 0.00288184 0.16426513],3,0.46589182567866827,0.27936449933144536
350,520761,520960,1,[155   2 537],[],[1],[0.22334294 0.00288184 0.77377522],3,0.5501114933095949,0.3513815412469168
351,527611,527810,2,[417   1  95   4   3 174],[],"[1, 3, 4]",[0.60086455 0.00144092 0.13688761 0.00576369 0.00432277 0.25072046],6,0.987815050469393,0.5573088390402711
352,535311,535510,1,[611   3  80],[],[1],[0.88040346 0.00432277 0.11527378],3,0.38471661512674743,0.21158302120273398
353,535711,535910,1,[  1 620  73],[0],[],[0.00144092 0.89337176 0.10518732],3,0.34704023775738424,0.19082045362057654
354,538861,539060,2,[300   1 115   4   1 273],[],"[1, 3, 4]",[0.43227666 0.00144092 0.16570605 0.00576369 0.00144092 0.39337176],6,1.0759980200333064,0.63089968357847
355,543761,543960,1,[  6 110   4 574],[0],[2],[0.00864553 0.15850144 0.00576369 0.82708934],4,0.5197661276761925,0.2906925562042705
356,546011,546210,1,[593   4  97],[],[1],[0.85446686 0.00576369 0.13976945],3,0.4391399418253076,0.25031766728400695
357,551611,551810,1,[ 18 564   2 110],[0],[2],[0.0259366  0.81268012 0.00288184 0.15850144],4,0.572102473352162,0.313747311247498
358,553861,554060,1,[  1 458   3 232],[0],[2],[0.00144092 0.65994236 0.00432277 0.33429395],4,0.6735310478023593,0.4527028710478451
359,554361,554560,1,[  1 441   2 250],[0],[2],[0.00144092 0.63544669 0.00288184 0.36023055],4,0.6822121422089074,0.46643108073316775
360,554761,554960,1,[449   2 243],[],[1],[0.64697406 0.00288184 0.35014409],3,0.6660259926550101,0.45881537094403246
361,556061,556260,1,[  1 553   1 139],[0],[2],[0.00144092 0.79682997 0.00144092 0.20028818],4,0.5218886009289697,0.32494248768779743
362,556861,557060,1,[  1 484   3 206],[0],[2],[0.00144092 0.69740634 0.00432277 0.29682997],4,0.6448243776717789,0.4254956024881861
363,557961,558160,1,[  1 291   1 401],[0],[2],[0.00144092 0.41930836 0.00144092 0.5778098 ],4,0.7002304574854233,0.4903121859661653
364,558111,558310,2,[  1 249  42   1 258   1 142],[0],"[3, 5]","[0.00144092 0.35878963 0.06051873 0.00144092 0.37175793 0.00144092
 0.20461095]",7,1.2582948563616028,0.6875316629155628
365,558161,558360,1,[508   1 185],[],[1],[0.73198847 0.00144092 0.26657061],3,0.5902379504068638,0.39313091214111906
366,559211,559410,1,[  1 545   3 145],[0],[2],[0.00144092 0.78530259 0.00432277 0.20893372],4,0.5498920071804996,0.3396257754818992
367,559461,559660,1,[  1 505   1 187],[0],[2],[0.00144092 0.72766571 0.00144092 0.26945245],4,0.6035392254407175,0.397893845144466
368,563411,563610,1,[  2 554   1 137],[0],[2],[0.00288184 0.79827089 0.00144092 0.19740634],4,0.5264302924123258,0.323783936416713
369,564311,564510,1,[622   4  68],[],[1],[0.8962536  0.00576369 0.09798271],3,0.35549726442578944,0.18709564899633757
370,564561,564760,1,[  3 484   2 205],[0],[2],[0.00432277 0.69740634 0.00288184 0.29538905],4,0.651941309496217,0.42634271524553813
371,571661,571860,1,[568 126],[],[],[0.8184438 0.1815562],2,0.4737450352769771,0.29718708734396926
372,572111,572310,1,[359   5 330],[],[1],[0.51729107 0.00720461 0.47550432],3,0.7299928495537265,0.5062536853557458
373,573611,573810,1,[  3 469   5 217],[0],[2],[0.00432277 0.67579251 0.00720461 0.31268012],4,0.6874093516483614,0.44546503998870524
374,574911,575110,1,[524   3 167],[],[1],[0.75504323 0.00432277 0.24063401],3,0.5784626721439392,0.37198631331544985
375,575911,576110,1,[  1 309   7 377],[0],[2],[0.00144092 0.44524496 0.01008646 0.54322767],4,0.747543630142697,0.5065568188424454
376,583411,583610,1,[  1 341   4 348],[0],[2],[0.00144092 0.49135447 0.00576369 0.50144092],4,0.7344264775677902,0.507092493086065
377,585361,585560,1,[533 161],[],[],[0.76801153 0.23198847],2,0.5416678944507617,0.35633964238553584
378,586411,586610,1,[  3 562   1 128],[0],[2],[0.00432277 0.80979827 0.00144092 0.18443804],4,0.5155847122532459,0.3101886071639164
379,586661,586860,1,[311   4 379],[],[1],[0.4481268  0.00576369 0.54610951],3,0.7197817661862556,0.5009135529736148
380,588211,588410,1,[550   6 138],[],[1],[0.7925072  0.00864553 0.19884726],3,0.5465546429395902,0.3323173516929797
381,589161,589360,1,[610   5  79],[],[1],[0.87896254 0.00720461 0.11383285],3,0.3962997216319444,0.21441503542094031
382,590211,590410,1,[515   5 174],[],[1],[0.74207493 0.00720461 0.25072046],3,0.6037561601216133,0.3864121452715328
383,592861,593060,1,[546   2 146],[],[1],[0.78674352 0.00288184 0.21037464],3,0.5335053583637855,0.3367688461825943
384,592961,593160,2,[  1 136   3 406   1   1   3 143],[0],"[2, 4, 5]","[0.00144092 0.19596542 0.00432277 0.58501441 0.00144092 0.00144092
 0.00432277 0.20605187]",8,1.0338568263316146,0.5768547201621141
385,593061,593260,1,[  1 140   3 550],[0],[2],[0.00144092 0.20172911 0.00432277 0.7925072 ],4,0.5401941088412554,0.3312169356111254
386,594261,594460,1,[609   1  84],[],[1],[0.87752161 0.00144092 0.12103746],3,0.37966801794460625,0.21530367331345668
387,594311,594510,2,[  2 555  52   1  40  44],[0],[3],[0.00288184 0.79971182 0.07492795 0.00144092 0.05763689 0.06340058],6,0.738527013945441,0.34749478859553673
388,594461,594660,1,[  2 596  96],[0],[],[0.00288184 0.85878963 0.13832853],3,0.42122245285121285,0.24333729206288568
389,594711,594910,1,[  1 320   5 368],[0],[2],[0.00144092 0.4610951  0.00720461 0.53025937],4,0.7383157220884412,0.5061623300583844
390,594911,595110,1,[560   2 132],[],[1],[0.80691643 0.00288184 0.19020173],3,0.505640912911891,0.31270087784135725
391,598411,598610,1,[103   3 588],[],[1],[0.14841499 0.00432277 0.84726225],3,0.4470996722963586,0.2601009891287196
392,598911,599110,1,[151   3 540],[],[1],[0.21757925 0.00432277 0.77809798],3,0.5506096729181146,0.34720411264938666
393,600311,600510,1,[499   3 192],[],[1],[0.71902017 0.00432277 0.27665706],3,0.6162105915221558,0.4064521755018313
394,606061,606260,1,[  3 185   3 503],[0],[2],[0.00432277 0.26657061 0.00432277 0.72478386],4,0.63279709461103,0.40359109368901014
395,606161,606360,2,[  1   2 180   5   1   1   1   3 178   2 320],"[0, 1, 7]","[4, 5, 6, 9]","[0.00144092 0.00288184 0.25936599 0.00720461 0.00144092 0.00144092
 0.00144092 0.00432277 0.25648415 0.00288184 0.4610951 ]",11,1.186466140742178,0.6542409620543315
396,606261,606460,1,[  3 360   3 328],[0],[2],[0.00432277 0.51873199 0.00432277 0.47262248],4,0.7417549740456173,0.5075077444377081
397,607561,607760,1,[569   4 121],[],[1],[0.81988473 0.00576369 0.17435159],3,0.49707743532010784,0.2973573403981431
398,607711,607910,2,[399   2 168   1   3  17 104],[],"[1, 3, 4]","[0.57492795 0.00288184 0.24207493 0.00144092 0.00432277 0.02449568
 0.14985591]",7,1.0867299353402544,0.5877716781968124
399,607761,607960,1,[416   3 275],[],[1],[0.59942363 0.00432277 0.3962536 ],3,0.6971218783843305,0.4836557067993257
400,607961,608160,1,[604   1  89],[],[1],[0.870317   0.00144092 0.12824207],3,0.39370041517713783,0.22610020845617862
401,609761,609960,1,[ 11 610   2  71],[0],[2],[0.01585014 0.87896254 0.00288184 0.10230548],4,0.4291817911927943,0.21669891785497764
402,609811,610010,2,[  1  10   2 448   3 157   2  71],"[0, 1, 2]","[4, 6]","[0.00144092 0.01440922 0.00288184 0.64553314 0.00432277 0.22622478
 0.00288184 0.10230548]",8,0.9797594138933814,0.5213979021501716
403,609961,610160,1,[  3 531   3 157],[0],[2],[0.00432277 0.76512968 0.00432277 0.22622478],4,0.5881190808941784,0.36336154274182175
404,610411,610610,1,[579   3 112],[],[1],[0.83429395 0.00432277 0.16138329],3,0.46903990724193534,0.27789035703311216
405,612511,612710,1,[594 100],[],[],[0.85590778 0.14409222],2,0.41232306382060824,0.24665930287603088
406,612811,613010,1,[  1  69   5 619],[0],[2],[0.00144092 0.09942363 0.00720461 0.89193084],4,0.37648103518814974,0.1945203431637169
407,613261,613460,1,[452   2 240],[],[1],[0.65129683 0.00288184 0.34582133],3,0.6633307771532508,0.4562117449692299
408,616811,617010,1,[581   1 112],[],[1],[0.83717579 0.00144092 0.16138329],3,0.45256985198229294,0.27309005140811726
409,617511,617710,1,[602   2  90],[],[1],[0.86743516 0.00288184 0.129683  ],3,0.40511728216854226,0.23073026102699956
410,618411,618610,1,[  1 380   5 308],[0],[2],[0.00144092 0.54755043 0.00720461 0.44380403],4,0.735291847031595,0.5031725203265537
411,620761,620960,1,[  1 446   3 244],[0],[2],[0.00144092 0.6426513  0.00432277 0.35158501],4,0.6846230607395218,0.4633665257580414
412,621061,621260,1,[527   3 164],[],[1],[0.75936599 0.00432277 0.23631124],3,0.5734681851314863,0.36750159871770394
413,625061,625260,1,[472   5 217],[],[1],[0.68011527 0.00720461 0.31268012],3,0.6612342134220317,0.43962245347108597
414,625311,625510,1,[  1 608  85],[0],[],[0.00144092 0.87608069 0.12247839],3,0.38251276016515257,0.2174795903960668
415,625611,625810,1,[  6 345   5 338],[0],[2],[0.00864553 0.49711816 0.00720461 0.4870317 ],4,0.7744459044165765,0.5155470106055196
416,626261,626460,1,[  1 618   1  74],[0],[2],[0.00144092 0.89048991 0.00144092 0.10662824],4,0.3608139149650733,0.19565397935370288
417,626411,626610,2,[  1   2 393   7 216   1  13  61],"[0, 1]","[3, 5]","[0.00144092 0.00288184 0.56628242 0.01008646 0.31123919 0.00144092
 0.01873199 0.08789625]",8,1.0556093866012162,0.5742635517278607
418,626461,626660,1,[  2 406   8 278],[0],[2],[0.00288184 0.58501441 0.01152738 0.40057637],4,0.7484087341395723,0.4971555282412444
419,629661,629860,1,[363   4 327],[],[1],[0.52305476 0.00576369 0.47118156],3,0.7232639170399137,0.504368444219286
420,630161,630360,1,[505 189],[],[],[0.72766571 0.27233429],2,0.5855667838060421,0.3963366525758041
421,631661,631860,1,[540   1 153],[],[1],[0.77809798 0.00144092 0.2204611 ],3,0.5379988519556007,0.3459583585944572
422,632161,632360,1,[  1 228 465],[0],[],[0.00144092 0.32853026 0.67002882],3,0.6434255671354312,0.44312717487895426
423,635361,635560,1,[  1 110   2 581],[0],[2],[0.00144092 0.15850144 0.00288184 0.83717579],4,0.4670262482168246,0.2740036043817322
424,635461,635660,2,[  1  48   1  61   2 491   1  89],[0],"[2, 4, 6]","[0.00144092 0.06916427 0.00144092 0.08789625 0.00288184 0.7074928
 0.00144092 0.12824207]",8,0.9518236143215875,0.47048393392520493
425,635561,635760,1,[542   2 150],[],[1],[0.78097983 0.00288184 0.21613833],3,0.541008327573308,0.3433464275926218
426,637211,637410,1,[  1 457   1 235],[0],[2],[0.00144092 0.65850144 0.00144092 0.33861671],4,0.6606522120017198,0.45171042031741804
427,646961,647160,1,[232   1 461],[],[1],[0.33429395 0.00144092 0.66426513],3,0.6474581736940683,0.44699731747626836
428,656361,656560,1,[574   1 119],[],[1],[0.82708934 0.00144092 0.17146974],3,0.4688048579596819,0.28651928012025685
429,658861,659060,2,[  2 476   1   6   4 205],[0],[3],[0.00288184 0.68587896 0.00144092 0.00864553 0.00576369 0.29538905],6,0.7159042761285661,0.44219701185127347
430,659261,659460,2,[  1 224   2 382   1  84],[0],"[2, 4]",[0.00144092 0.32276657 0.00288184 0.55043228 0.00144092 0.12103746],6,0.9849297507557975,0.5781835244873721
431,659861,660060,2,[  1   1 616   2  74],"[0, 1]",[3],[0.00144092 0.00144092 0.88760807 0.00288184 0.10662824],5,0.38021368846807735,0.2007698760059463
432,659911,660110,4,[  1   1 616   2   1  73],"[0, 1]","[3, 4]",[0.00144092 0.00144092 0.88760807 0.00288184 0.00144092 0.10518732],6,0.38784665344397934,0.20107300949264584
433,659961,660160,6,[  1   1 616   2   1  73],"[0, 1]","[3, 4]",[0.00144092 0.00144092 0.88760807 0.00288184 0.00144092 0.10518732],6,0.38784665344397934,0.20107300949264584
434,660061,660260,4,[  1   1 616   2   1  73],"[0, 1]","[3, 4]",[0.00144092 0.00144092 0.88760807 0.00288184 0.00144092 0.10518732],6,0.38784665344397934,0.20107300949264584
435,660111,660310,2,[  1 617   1  75],[0],[2],[0.00144092 0.88904899 0.00144092 0.10806916],4,0.36386130306466097,0.19790879419312501
436,660211,660410,1,[  1  91   1 601],[0],[2],[0.00144092 0.13112392 0.00144092 0.86599424],4,0.40984404876517183,0.2328563479474126
437,660311,660510,2,[  1  73  18   1   1 353   2 245],"[0, 4]","[3, 6]","[0.00144092 0.10518732 0.0259366  0.00144092 0.00144092 0.50864553
 0.00288184 0.35302594]",8,1.0881664693137276,0.6049007964520925
438,660361,660560,3,[  1  54  19   2  16   1   1 311  42   1   1  65   3 177],"[0, 6]","[5, 9, 10, 12]","[0.00144092 0.0778098  0.02737752 0.00288184 0.02305476 0.00144092
 0.00144092 0.4481268  0.06051873 0.00144092 0.00144092 0.09365994
 0.00432277 0.25504323]",14,1.5713416654549006,0.7143278326370952
439,660411,660610,3,[  1 207   2 157  33   1  27   1   1  30  37   3  49   1 144],[0],"[2, 5, 7, 8, 11, 13]","[0.00144092 0.29827089 0.00288184 0.22622478 0.04755043 0.00144092
 0.0389049  0.00144092 0.00144092 0.04322767 0.05331412 0.00432277
 0.07060519 0.00144092 0.2074928 ]",15,1.8612759205250806,0.80329543472664
440,660461,660660,4,"[  1 206   1   2 135  22  33   1  14   1  12   1   1  30  24  13   3  49
   1  38   1 105]",[0],"[3, 7, 9, 11, 12, 16, 18, 20]","[0.00144092 0.29682997 0.00144092 0.00288184 0.1945245  0.03170029
 0.04755043 0.00144092 0.02017291 0.00144092 0.01729107 0.00144092
 0.00144092 0.04322767 0.03458213 0.01873199 0.00432277 0.07060519
 0.00144092 0.05475504 0.00144092 0.15129683]",22,2.1565397653049447,0.8357473278575521
441,660511,660710,3,[236   1   2 159  35   4  82   1   1  53   2 118],[],"[2, 5, 7, 8, 10]","[0.34005764 0.00144092 0.00288184 0.22910663 0.05043228 0.00576369
 0.11815562 0.00144092 0.00144092 0.07636888 0.00288184 0.17002882]",12,1.6968058829292985,0.7805687282512105
442,660561,660760,2,[322   1   3   1 212   2 153],[],"[2, 3, 5]","[0.46397695 0.00144092 0.00432277 0.00144092 0.3054755  0.00288184
 0.2204611 ]",7,1.1111448407720308,0.6427758722354642
443,660611,660810,1,[537   3 154],[],[1],[0.77377522 0.00432277 0.22190202],3,0.5560634383325054,0.3520127233014143
444,660811,661010,1,[496   4 194],[],[1],[0.71469741 0.00576369 0.2795389 ],3,0.626086773246964,0.4110323979104552
445,662361,662560,1,[601   2  91],[],[1],[0.86599424 0.00288184 0.13112392],3,0.4078465064580826,0.23285219543389624
446,663611,663810,3,[  2   1 108  21  31   1   2   3 525],"[0, 1]","[5, 6]","[0.00288184 0.00144092 0.1556196  0.03025937 0.04466859 0.00144092
 0.00288184 0.00432277 0.75648415]",9,0.8214182710118567,0.4005639113355315
447,664961,665160,1,[566   4 124],[],[1],[0.81556196 0.00576369 0.17867435],3,0.5037049002150096,0.3029009459425791
448,665611,665810,1,[570   2 122],[],[1],[0.82132565 0.00288184 0.17579251],3,0.4841296154190858,0.2945128686393875
449,668961,669160,1,[  1 592   1 100],[0],[2],[0.00144092 0.85302594 0.00144092 0.14409222],4,0.43360604343167414,0.25158003139300233
450,670511,670710,1,[ 95   1 598],[],[1],[0.13688761 0.00144092 0.86167147],3,0.4099279034973965,0.23878198473536028
451,670661,670860,2,[ 90   1   4   1   1 399   3 195],[4],"[1, 3, 6]","[0.129683   0.00144092 0.00576369 0.00144092 0.00144092 0.57492795
 0.00432277 0.28097983]",8,1.0213561047442772,0.5736323696733633
452,670711,670910,1,[  1 490   4 199],[0],[2],[0.00144092 0.70605187 0.00576369 0.28674352],4,0.6430894256279243,0.41923361210540744
453,671011,671210,1,[  1 384   7 302],[0],[2],[0.00144092 0.55331412 0.01008646 0.4351585 ],4,0.7453292076476044,0.5043767492463187
454,671361,671560,2,[  1 447   4 162   1  79],[0],"[2, 4]",[0.00144092 0.64409222 0.00576369 0.23342939 0.00144092 0.11383285],6,0.9188900355942891,0.5176606399853831
455,671811,672010,2,[  2   4 130   4 434   2   2   1   1 114],"[0, 1]","[3, 5, 6, 8]","[0.00288184 0.00576369 0.18731988 0.00576369 0.62536023 0.00288184
 0.00288184 0.00144092 0.00144092 0.16426513]",10,1.0328802206680543,0.5467573021950186
456,672861,673060,1,[405   5 284],[],[1],[0.58357349 0.00720461 0.4092219 ],3,0.7154832928150158,0.4919275137240571
457,674311,674510,1,[  3  77   2 612],[0],[2],[0.00432277 0.11095101 0.00288184 0.88184438],4,0.39521647692265255,0.21001337109352292
458,676161,676360,1,[429   1 264],[],[1],[0.61815562 0.00144092 0.38040346],3,0.6744379814711464,0.4731747626838526
459,685311,685510,1,[  3 474   4 213],[0],[2],[0.00432277 0.68299712 0.00576369 0.30691643],4,0.6761772687343871,0.4392653373086729
460,685511,685710,1,[  3 485   1 205],[0],[2],[0.00432277 0.69884726 0.00144092 0.29538905],4,0.6435885387574424,0.42433705121710164
461,685911,686110,1,[597   1  96],[],[1],[0.86023055 0.00144092 0.13832853],3,0.41257002523836683,0.2408665465206089
462,686161,686360,1,[  1 477   6 210],[0],[2],[0.00144092 0.68731988 0.00864553 0.30259366],4,0.6699236832448803,0.43595163152256067
463,686861,687060,1,[597   5  92],[],[1],[0.86023055 0.00720461 0.13256484],3,0.4329240421407156,0.24237806144058993
464,686911,687110,2,[380  10 207   4   1  88   4],[],"[1, 3, 4]","[0.54755043 0.01440922 0.29827089 0.00576369 0.00144092 0.12680115
 0.00576369]",7,1.0824435574337827,0.5948683237963941
465,687061,687260,1,[472  10 212],[],[1],[0.68011527 0.01440922 0.3054755 ],3,0.6855321588399612,0.44392030496059265
466,687911,688110,1,[  1 188 505],[0],[],[0.00144092 0.27089337 0.72766571],3,0.5945568368813187,0.39711732511689324
467,695811,696010,1,[622   1  71],[],[1],[0.8962536  0.00144092 0.10230548],3,0.34083073723057544,0.18626099377953476
468,696411,696610,1,[605  89],[],[],[0.87175793 0.12824207],2,0.38303124866988875,0.2235920902922539
469,697211,697410,1,[  1 489   1 203],[0],[2],[0.00144092 0.70461095 0.00144092 0.2925072 ],4,0.6251145093559467,0.4179587904558628
470,700061,700260,1,[312   3 379],[],[1],[0.44956772 0.00432277 0.54610951],3,0.713309059658386,0.49963457881055395
471,700811,701010,1,[  1 364   2 327],[0],[2],[0.00144092 0.52449568 0.00288184 0.47118156],4,0.7193202630078199,0.5028818443804034
472,701361,701560,1,[308   2 384],[],[1],[0.44380403 0.00288184 0.55331412],3,0.7048584623646317,0.496873157322127
473,701561,701760,1,[618   2  74],[],[1],[0.89048991 0.00288184 0.10662824],3,0.35881637265798416,0.1956498268401864
474,702211,702410,1,[  1 183 510],[0],[],[0.00144092 0.26368876 0.73487032],3,0.5873056260884335,0.3904317783554385
475,702861,703060,1,[  1 523 170],[0],[],[0.00144092 0.75360231 0.24495677],3,0.5671883293764022,0.37207766861281133
476,703061,703260,1,[  1 550   1 142],[0],[2],[0.00144092 0.7925072  0.00144092 0.20461095],4,0.5277997772157913,0.33006253685355746
477,703261,703460,2,[ 93 472 129],[],[],[0.13400576 0.68011527 0.18587896],3,0.8442851676792964,0.48493468096238646
478,703661,703860,1,[505   3 186],[],[1],[0.72766571 0.00432277 0.26801153],3,0.6077648640216222,0.39865375511797296
479,703911,704110,1,[  1 322   5 366],[0],[2],[0.00144092 0.46397695 0.00720461 0.52737752],4,0.7387016618722656,0.5065443613018961
480,711111,711310,1,[  1 107 586],[0],[],[0.00144092 0.15417867 0.8443804 ],3,0.44051507004635293,0.2632485943741746
481,711411,711610,2,[  1 325   2 265   5   2  94],[0],"[2, 4, 5]","[0.00144092 0.46829971 0.00288184 0.38184438 0.00720461 0.00288184
 0.13544669]",7,1.0723551363550692,0.6164738516223871
482,724711,724910,1,[ 34 560   4  96],[0],[2],[0.04899135 0.80691643 0.00576369 0.13832853],4,0.6242248991945702,0.3273177254191961
483,725711,725910,1,[  4 511   2 177],[0],[2],[0.00576369 0.73631124 0.00288184 0.25504323],4,0.6204332932657954,0.39275718592464015
484,725861,726060,2,[  1   3   2 509   1   1   1 103  73],"[0, 1, 2, 6]","[4, 5]","[0.00144092 0.00432277 0.00288184 0.73342939 0.00144092 0.00144092
 0.00144092 0.14841499 0.10518732]",9,0.8254996310502839,0.42895464624737356
485,725911,726110,1,[  4 616  74],[0],[],[0.00576369 0.88760807 0.10662824],3,0.3742210615468098,0.2007491134383642
486,726011,726210,2,[  1   1   2   2 470   3 141  71   3],"[0, 1, 2, 3]",[5],"[0.00144092 0.00144092 0.00288184 0.00288184 0.67723343 0.00432277
 0.20317003 0.10230548 0.00432277]",9,0.9206073426704464,0.48955227599265827
487,726061,726260,6,"[  1   1   1   6   2 238  34  13  11   1   1   6   1   1   1   6 221   2
   1 146]","[0, 1, 2, 3, 4, 10, 14]","[8, 9, 12, 13, 17, 18]","[0.00144092 0.00144092 0.00144092 0.00864553 0.00288184 0.34293948
 0.04899135 0.01873199 0.01585014 0.00144092 0.00144092 0.00864553
 0.00144092 0.00144092 0.00144092 0.00864553 0.3184438  0.00288184
 0.00144092 0.21037464]",20,1.5890963829971105,0.733466767434328
488,726211,726410,5,[  6   1   1   2 387  34  13  12   1   1   6   1   1   1   6 221],"[0, 1, 2, 3, 9, 13]","[7, 8, 11, 12]","[0.00864553 0.00144092 0.00144092 0.00288184 0.55763689 0.04899135
 0.01873199 0.01729107 0.00144092 0.00144092 0.00864553 0.00144092
 0.00144092 0.00144092 0.00864553 0.3184438 ]",16,1.1885789384223964,0.5843375495187236
489,729461,729660,1,[ 67 384  62 181],[0],[2],[0.09654179 0.55331412 0.08933718 0.26080692],4,1.1194583578774213,0.6085217882384206
490,729561,729760,2,[  1  66   9 300   6  69   2  60 179   2],"[0, 1, 2, 6]","[4, 6, 7]","[0.00144092 0.09510086 0.0129683  0.43227666 0.00864553 0.09942363
 0.00288184 0.08645533 0.25792507 0.00288184]",10,1.517535067278749,0.7199461834248271
491,729611,729810,3,[  1  65   1   9 231   6  63   6  69   2  34   1  25  93   9  77   2],"[0, 1, 2, 3, 9]","[2, 5, 7, 9, 10, 11, 12, 14]","[0.00144092 0.09365994 0.00144092 0.0129683  0.33285303 0.00864553
 0.0907781  0.00864553 0.09942363 0.00288184 0.04899135 0.00144092
 0.03602305 0.13400576 0.0129683  0.11095101 0.00288184]",17,2.0728737345654538,0.8278367896087502
492,729661,729860,2,[ 12 423  17 165   6  71],[0],"[2, 4]",[0.01729107 0.60951009 0.02449568 0.23775216 0.00864553 0.10230548],6,1.0786336756914088,0.5605311895290219
493,729761,729960,1,[512  17 165],[],[1],[0.73775216 0.02449568 0.23775216],3,0.6567834330388226,0.39859561992874293
494,731111,731310,1,[  3  89 602],[0],[],[0.00432277 0.12824207 0.86743516],3,0.41028254285828136,0.23109152970292912
495,739961,740160,1,[623   2  69],[],[1],[0.89769452 0.00288184 0.09942363],3,0.34324699741903203,0.1842511772375819
496,740361,740560,1,[583   1 110],[],[1],[0.84005764 0.00144092 0.15850144],3,0.4477947704787025,0.26917838367563895
497,744461,744660,1,[  7 498   3 186],[0],[2],[0.01008646 0.71757925 0.00432277 0.26801153],4,0.6609374827282394,0.4131294172362532
498,744961,745160,3,[  7   1   1  85   4   3 593],"[0, 1, 2]",[5],"[0.01008646 0.00144092 0.00144092 0.12247839 0.00576369 0.00432277
 0.85446686]",7,0.5100396539344714,0.2547276366384572
499,745161,745333,2,[ 10   1 561   5 117],"[0, 1]",[3],[0.01440922 0.00144092 0.80835735 0.00720461 0.1685879 ],5,0.5781768324640364,0.31787490968283116
