	Allele.0	Allele.1	Allele.2	Allele.3	Allele.4	Allele.5	Allele.6	Allele.7	Allele.8	Allele.9	Allele.10	Allele.11	Allele.12	Allele.13	Allele.14	Allele.15	Allele.16	Allele.17	Allele.18	Allele.19	Allele.20	Allele.21	Allele.22	Allele.23	Allele.24	Allele.25	Allele.26	Allele.27	Allele.28	Allele.29	Allele.30	Allele.31	Allele.32	Allele.33	Allele.34	Allele.35	Allele.36	Allele.37	Allele.38
PvP01_01_v1:395454:27,40,55,67,154	0.4472	0.18634	0.12422	0.06211	0.0559	0.04969	0.02484	0.02484	0.00621	0.00621	0.00621	0.00621	0.0	0.0	0.0	0.0	0.0	0.0	0.0	0.0	0.0	0.0	0.0	0.0	0.0	0.0	0.0	0.0	0.0	0.0	0.0	0.0	0.0	0.0	0.0	0.0	0.0	0.0	0.0
PvP01_01_v1:772094:42,60,64,65,117	0.51899	0.25316	0.05063	0.03797	0.03797	0.02532	0.02532	0.02532	0.01899	0.00633	0.0	0.0	0.0	0.0	0.0	0.0	0.0	0.0	0.0	0.0	0.0	0.0	0.0	0.0	0.0	0.0	0.0	0.0	0.0	0.0	0.0	0.0	0.0	0.0	0.0	0.0	0.0	0.0	0.0
PvP01_02_v1:327553:35,63,129,186	0.48447	0.11801	0.09317	0.06832	0.06211	0.0559	0.03106	0.01863	0.01242	0.01242	0.01242	0.01242	0.00621	0.00621	0.00621	0.0	0.0	0.0	0.0	0.0	0.0	0.0	0.0	0.0	0.0	0.0	0.0	0.0	0.0	0.0	0.0	0.0	0.0	0.0	0.0	0.0	0.0	0.0	0.0
PvP01_03_v1:178938:83,84,152,156	0.37736	0.23899	0.19497	0.16352	0.01258	0.00629	0.00629	0.0	0.0	0.0	0.0	0.0	0.0	0.0	0.0	0.0	0.0	0.0	0.0	0.0	0.0	0.0	0.0	0.0	0.0	0.0	0.0	0.0	0.0	0.0	0.0	0.0	0.0	0.0	0.0	0.0	0.0	0.0	0.0
PvP01_03_v1:831863:12,111,135	0.31013	0.22152	0.13924	0.11392	0.05063	0.0443	0.03165	0.02532	0.01899	0.01266	0.01266	0.00633	0.00633	0.00633	0.0	0.0	0.0	0.0	0.0	0.0	0.0	0.0	0.0	0.0	0.0	0.0	0.0	0.0	0.0	0.0	0.0	0.0	0.0	0.0	0.0	0.0	0.0	0.0	0.0
PvP01_04_v1:500161:14,43,44,105,112,115	0.62112	0.24224	0.06832	0.01863	0.01242	0.01242	0.00621	0.00621	0.00621	0.00621	0.0	0.0	0.0	0.0	0.0	0.0	0.0	0.0	0.0	0.0	0.0	0.0	0.0	0.0	0.0	0.0	0.0	0.0	0.0	0.0	0.0	0.0	0.0	0.0	0.0	0.0	0.0	0.0	0.0
PvP01_04_v1:763111:1,26,29,41,48,92,113	0.21528	0.19444	0.15278	0.09722	0.08333	0.0625	0.04167	0.03472	0.02778	0.02778	0.02083	0.02083	0.00694	0.00694	0.00694	0.0	0.0	0.0	0.0	0.0	0.0	0.0	0.0	0.0	0.0	0.0	0.0	0.0	0.0	0.0	0.0	0.0	0.0	0.0	0.0	0.0	0.0	0.0	0.0
PvP01_05_v1:170477:34,57,70	0.64596	0.22981	0.0559	0.03106	0.01863	0.01242	0.00621	0.0	0.0	0.0	0.0	0.0	0.0	0.0	0.0	0.0	0.0	0.0	0.0	0.0	0.0	0.0	0.0	0.0	0.0	0.0	0.0	0.0	0.0	0.0	0.0	0.0	0.0	0.0	0.0	0.0	0.0	0.0	0.0
PvP01_05_v1:501009:4,6,132,179	0.39752	0.21118	0.16149	0.0559	0.0559	0.03727	0.03106	0.01863	0.01242	0.00621	0.00621	0.00621	0.0	0.0	0.0	0.0	0.0	0.0	0.0	0.0	0.0	0.0	0.0	0.0	0.0	0.0	0.0	0.0	0.0	0.0	0.0	0.0	0.0	0.0	0.0	0.0	0.0	0.0	0.0
PvP01_05_v1:1369384:7,52,99,114,121,126,136,164	0.21875	0.09375	0.08125	0.06875	0.03125	0.03125	0.03125	0.03125	0.03125	0.025	0.025	0.025	0.025	0.01875	0.01875	0.01875	0.01875	0.01875	0.01875	0.01875	0.01875	0.0125	0.0125	0.0125	0.0125	0.0125	0.00625	0.00625	0.00625	0.00625	0.00625	0.00625	0.00625	0.00625	0.00625	0.00625	0.00625	0.0	0.0
PvP01_06_v1:286251:5,6,28,75,168,179,184	0.15094	0.14465	0.14465	0.11321	0.10063	0.09434	0.03774	0.03145	0.02516	0.01887	0.01887	0.01887	0.01887	0.01887	0.01258	0.01258	0.01258	0.00629	0.00629	0.00629	0.00629	0.0	0.0	0.0	0.0	0.0	0.0	0.0	0.0	0.0	0.0	0.0	0.0	0.0	0.0	0.0	0.0	0.0	0.0
PvP01_06_v1:531257:13,32,37,46,102,113,133,136	0.28302	0.24528	0.09434	0.08805	0.0566	0.04403	0.03774	0.03145	0.01887	0.01887	0.01887	0.01258	0.01258	0.01258	0.01258	0.00629	0.00629	0.0	0.0	0.0	0.0	0.0	0.0	0.0	0.0	0.0	0.0	0.0	0.0	0.0	0.0	0.0	0.0	0.0	0.0	0.0	0.0	0.0	0.0
PvP01_06_v1:983158:17,19,24,35,117,136,175	0.24528	0.18239	0.13836	0.11321	0.10063	0.06289	0.04403	0.03145	0.02516	0.01258	0.01258	0.00629	0.00629	0.00629	0.00629	0.00629	0.0	0.0	0.0	0.0	0.0	0.0	0.0	0.0	0.0	0.0	0.0	0.0	0.0	0.0	0.0	0.0	0.0	0.0	0.0	0.0	0.0	0.0	0.0
PvP01_07_v1:78144:4,11,28,79,127,130,136,156	0.3	0.20625	0.125	0.1125	0.0625	0.04375	0.04375	0.0375	0.03125	0.01875	0.0125	0.00625	0.0	0.0	0.0	0.0	0.0	0.0	0.0	0.0	0.0	0.0	0.0	0.0	0.0	0.0	0.0	0.0	0.0	0.0	0.0	0.0	0.0	0.0	0.0	0.0	0.0	0.0	0.0
PvP01_07_v1:697429:4,64,70,150	0.34161	0.18012	0.17391	0.13665	0.06211	0.04348	0.03727	0.01242	0.00621	0.00621	0.0	0.0	0.0	0.0	0.0	0.0	0.0	0.0	0.0	0.0	0.0	0.0	0.0	0.0	0.0	0.0	0.0	0.0	0.0	0.0	0.0	0.0	0.0	0.0	0.0	0.0	0.0	0.0	0.0
PvP01_07_v1:1215589:8,27,65,86,89,157	0.27215	0.10127	0.10127	0.08228	0.06962	0.06962	0.06329	0.06329	0.05696	0.03797	0.03797	0.02532	0.01266	0.00633	0.0	0.0	0.0	0.0	0.0	0.0	0.0	0.0	0.0	0.0	0.0	0.0	0.0	0.0	0.0	0.0	0.0	0.0	0.0	0.0	0.0	0.0	0.0	0.0	0.0
PvP01_08_v1:35474:58,97,149	0.225	0.18125	0.16875	0.11875	0.11875	0.08125	0.06875	0.01875	0.01875	0.0	0.0	0.0	0.0	0.0	0.0	0.0	0.0	0.0	0.0	0.0	0.0	0.0	0.0	0.0	0.0	0.0	0.0	0.0	0.0	0.0	0.0	0.0	0.0	0.0	0.0	0.0	0.0	0.0	0.0
PvP01_08_v1:735636:81,97	0.45963	0.37267	0.08696	0.04969	0.02484	0.00621	0.0	0.0	0.0	0.0	0.0	0.0	0.0	0.0	0.0	0.0	0.0	0.0	0.0	0.0	0.0	0.0	0.0	0.0	0.0	0.0	0.0	0.0	0.0	0.0	0.0	0.0	0.0	0.0	0.0	0.0	0.0	0.0	0.0
PvP01_08_v1:1018074:159,167,174	0.425	0.1625	0.15625	0.14375	0.0375	0.03125	0.025	0.0125	0.00625	0.0	0.0	0.0	0.0	0.0	0.0	0.0	0.0	0.0	0.0	0.0	0.0	0.0	0.0	0.0	0.0	0.0	0.0	0.0	0.0	0.0	0.0	0.0	0.0	0.0	0.0	0.0	0.0	0.0	0.0
PvP01_08_v1:1468884:14,92,103,113,114	0.18125	0.14375	0.1	0.09375	0.0875	0.075	0.06875	0.0625	0.05625	0.05625	0.03125	0.01875	0.0125	0.00625	0.00625	0.0	0.0	0.0	0.0	0.0	0.0	0.0	0.0	0.0	0.0	0.0	0.0	0.0	0.0	0.0	0.0	0.0	0.0	0.0	0.0	0.0	0.0	0.0	0.0
PvP01_09_v1:264726:60,78,79,86,122,133,134,151,171	0.40373	0.24224	0.17391	0.0559	0.04969	0.04348	0.01242	0.00621	0.00621	0.00621	0.0	0.0	0.0	0.0	0.0	0.0	0.0	0.0	0.0	0.0	0.0	0.0	0.0	0.0	0.0	0.0	0.0	0.0	0.0	0.0	0.0	0.0	0.0	0.0	0.0	0.0	0.0	0.0	0.0
PvP01_09_v1:756313:21,49,94	0.40523	0.28758	0.11111	0.04575	0.03268	0.02614	0.02614	0.01961	0.01961	0.01307	0.01307	0.0	0.0	0.0	0.0	0.0	0.0	0.0	0.0	0.0	0.0	0.0	0.0	0.0	0.0	0.0	0.0	0.0	0.0	0.0	0.0	0.0	0.0	0.0	0.0	0.0	0.0	0.0	0.0
PvP01_09_v1:1165617:23,56,72	0.40625	0.33125	0.19375	0.04375	0.01875	0.00625	0.0	0.0	0.0	0.0	0.0	0.0	0.0	0.0	0.0	0.0	0.0	0.0	0.0	0.0	0.0	0.0	0.0	0.0	0.0	0.0	0.0	0.0	0.0	0.0	0.0	0.0	0.0	0.0	0.0	0.0	0.0	0.0	0.0
PvP01_09_v1:1459601:14,53,88,112,116,128	0.19863	0.18493	0.17808	0.13014	0.11644	0.04795	0.0411	0.02055	0.02055	0.0137	0.0137	0.0137	0.00685	0.00685	0.00685	0.0	0.0	0.0	0.0	0.0	0.0	0.0	0.0	0.0	0.0	0.0	0.0	0.0	0.0	0.0	0.0	0.0	0.0	0.0	0.0	0.0	0.0	0.0	0.0
PvP01_09_v1:1814597:75,77	0.93789	0.03727	0.02484	0.0	0.0	0.0	0.0	0.0	0.0	0.0	0.0	0.0	0.0	0.0	0.0	0.0	0.0	0.0	0.0	0.0	0.0	0.0	0.0	0.0	0.0	0.0	0.0	0.0	0.0	0.0	0.0	0.0	0.0	0.0	0.0	0.0	0.0	0.0	0.0
PvP01_10_v1:203317:48,142,144,159,164	0.44099	0.18012	0.16149	0.14907	0.03727	0.01242	0.01242	0.00621	0.0	0.0	0.0	0.0	0.0	0.0	0.0	0.0	0.0	0.0	0.0	0.0	0.0	0.0	0.0	0.0	0.0	0.0	0.0	0.0	0.0	0.0	0.0	0.0	0.0	0.0	0.0	0.0	0.0	0.0	0.0
PvP01_10_v1:934473:36,73,131,173	0.36646	0.2236	0.18634	0.09938	0.06832	0.04348	0.00621	0.00621	0.0	0.0	0.0	0.0	0.0	0.0	0.0	0.0	0.0	0.0	0.0	0.0	0.0	0.0	0.0	0.0	0.0	0.0	0.0	0.0	0.0	0.0	0.0	0.0	0.0	0.0	0.0	0.0	0.0	0.0	0.0
PvP01_10_v1:1097784:23,32,87,156	0.45	0.1875	0.14375	0.08125	0.075	0.025	0.01875	0.0125	0.00625	0.0	0.0	0.0	0.0	0.0	0.0	0.0	0.0	0.0	0.0	0.0	0.0	0.0	0.0	0.0	0.0	0.0	0.0	0.0	0.0	0.0	0.0	0.0	0.0	0.0	0.0	0.0	0.0	0.0	0.0
PvP01_11_v1:75659:36,112,119,121,123,131,139	0.25316	0.1962	0.16456	0.12025	0.08861	0.05063	0.0443	0.02532	0.01899	0.01266	0.00633	0.00633	0.00633	0.00633	0.0	0.0	0.0	0.0	0.0	0.0	0.0	0.0	0.0	0.0	0.0	0.0	0.0	0.0	0.0	0.0	0.0	0.0	0.0	0.0	0.0	0.0	0.0	0.0	0.0
PvP01_11_v1:607789:12,21,92,138	0.32919	0.31056	0.07453	0.06832	0.06832	0.0559	0.02484	0.02484	0.01863	0.00621	0.00621	0.00621	0.00621	0.0	0.0	0.0	0.0	0.0	0.0	0.0	0.0	0.0	0.0	0.0	0.0	0.0	0.0	0.0	0.0	0.0	0.0	0.0	0.0	0.0	0.0	0.0	0.0	0.0	0.0
PvP01_11_v1:1153667:36,39,183	0.38509	0.29193	0.10559	0.07453	0.06832	0.04348	0.01863	0.00621	0.00621	0.0	0.0	0.0	0.0	0.0	0.0	0.0	0.0	0.0	0.0	0.0	0.0	0.0	0.0	0.0	0.0	0.0	0.0	0.0	0.0	0.0	0.0	0.0	0.0	0.0	0.0	0.0	0.0	0.0	0.0
PvP01_11_v1:1423352:18,64,79,126,137,160,167	0.09938	0.08075	0.07453	0.06211	0.0559	0.0559	0.04969	0.04348	0.03727	0.03727	0.03106	0.03106	0.03106	0.03106	0.03106	0.02484	0.01863	0.01863	0.01863	0.01863	0.01242	0.01242	0.01242	0.01242	0.01242	0.00621	0.00621	0.00621	0.00621	0.00621	0.00621	0.00621	0.00621	0.00621	0.00621	0.00621	0.00621	0.00621	0.00621
PvP01_11_v1:2001516:1,60,75,158,183	0.2327	0.16981	0.08805	0.08176	0.06918	0.06289	0.0566	0.05031	0.04403	0.03774	0.03774	0.02516	0.01258	0.00629	0.00629	0.00629	0.00629	0.00629	0.0	0.0	0.0	0.0	0.0	0.0	0.0	0.0	0.0	0.0	0.0	0.0	0.0	0.0	0.0	0.0	0.0	0.0	0.0	0.0	0.0
PvP01_12_v1:324221:11,21,129,131	0.53416	0.22981	0.10559	0.06832	0.03106	0.02484	0.00621	0.0	0.0	0.0	0.0	0.0	0.0	0.0	0.0	0.0	0.0	0.0	0.0	0.0	0.0	0.0	0.0	0.0	0.0	0.0	0.0	0.0	0.0	0.0	0.0	0.0	0.0	0.0	0.0	0.0	0.0	0.0	0.0
PvP01_12_v1:769318:18,44,120,139,158	0.26087	0.2236	0.17391	0.1677	0.1118	0.06211	0.0	0.0	0.0	0.0	0.0	0.0	0.0	0.0	0.0	0.0	0.0	0.0	0.0	0.0	0.0	0.0	0.0	0.0	0.0	0.0	0.0	0.0	0.0	0.0	0.0	0.0	0.0	0.0	0.0	0.0	0.0	0.0	0.0
PvP01_12_v1:995698:3,60	0.40994	0.22981	0.16149	0.14286	0.04348	0.01242	0.0	0.0	0.0	0.0	0.0	0.0	0.0	0.0	0.0	0.0	0.0	0.0	0.0	0.0	0.0	0.0	0.0	0.0	0.0	0.0	0.0	0.0	0.0	0.0	0.0	0.0	0.0	0.0	0.0	0.0	0.0	0.0	0.0
PvP01_12_v1:1436256:114,135,194	0.3	0.2	0.15	0.1125	0.06875	0.06875	0.0625	0.0375	0.0	0.0	0.0	0.0	0.0	0.0	0.0	0.0	0.0	0.0	0.0	0.0	0.0	0.0	0.0	0.0	0.0	0.0	0.0	0.0	0.0	0.0	0.0	0.0	0.0	0.0	0.0	0.0	0.0	0.0	0.0
PvP01_12_v1:1945903:56,143,152	0.36478	0.13836	0.12579	0.10063	0.09434	0.07547	0.03145	0.02516	0.02516	0.01258	0.00629	0.0	0.0	0.0	0.0	0.0	0.0	0.0	0.0	0.0	0.0	0.0	0.0	0.0	0.0	0.0	0.0	0.0	0.0	0.0	0.0	0.0	0.0	0.0	0.0	0.0	0.0	0.0	0.0
PvP01_12_v1:2108486:1,125	0.38509	0.29193	0.19255	0.09317	0.02484	0.01242	0.0	0.0	0.0	0.0	0.0	0.0	0.0	0.0	0.0	0.0	0.0	0.0	0.0	0.0	0.0	0.0	0.0	0.0	0.0	0.0	0.0	0.0	0.0	0.0	0.0	0.0	0.0	0.0	0.0	0.0	0.0	0.0	0.0
PvP01_12_v1:2987607:8,9,46,54,60,92,99,106,121	0.46897	0.33103	0.07586	0.04138	0.03448	0.01379	0.0069	0.0069	0.0069	0.0069	0.0069	0.0	0.0	0.0	0.0	0.0	0.0	0.0	0.0	0.0	0.0	0.0	0.0	0.0	0.0	0.0	0.0	0.0	0.0	0.0	0.0	0.0	0.0	0.0	0.0	0.0	0.0	0.0	0.0
PvP01_13_v1:167461:2,36,50,52,135	0.15528	0.14286	0.12422	0.07453	0.07453	0.07453	0.06832	0.06211	0.0559	0.04969	0.04348	0.02484	0.01242	0.01242	0.00621	0.00621	0.00621	0.00621	0.0	0.0	0.0	0.0	0.0	0.0	0.0	0.0	0.0	0.0	0.0	0.0	0.0	0.0	0.0	0.0	0.0	0.0	0.0	0.0	0.0
PvP01_13_v1:754711:103,105,121,174	0.33125	0.25	0.13125	0.11875	0.08125	0.0375	0.01875	0.01875	0.0125	0.0	0.0	0.0	0.0	0.0	0.0	0.0	0.0	0.0	0.0	0.0	0.0	0.0	0.0	0.0	0.0	0.0	0.0	0.0	0.0	0.0	0.0	0.0	0.0	0.0	0.0	0.0	0.0	0.0	0.0
PvP01_13_v1:1197714:42,45,62,111,114,117	0.35	0.15	0.15	0.075	0.075	0.0625	0.0375	0.03125	0.01875	0.01875	0.00625	0.00625	0.00625	0.00625	0.00625	0.0	0.0	0.0	0.0	0.0	0.0	0.0	0.0	0.0	0.0	0.0	0.0	0.0	0.0	0.0	0.0	0.0	0.0	0.0	0.0	0.0	0.0	0.0	0.0
PvP01_13_v1:1865344:70,131,139	0.30625	0.2375	0.19375	0.14375	0.1125	0.00625	0.0	0.0	0.0	0.0	0.0	0.0	0.0	0.0	0.0	0.0	0.0	0.0	0.0	0.0	0.0	0.0	0.0	0.0	0.0	0.0	0.0	0.0	0.0	0.0	0.0	0.0	0.0	0.0	0.0	0.0	0.0	0.0	0.0
PvP01_14_v1:56322:59,72,112,151	0.30435	0.17391	0.14286	0.10559	0.08696	0.0559	0.0559	0.04969	0.00621	0.00621	0.00621	0.00621	0.0	0.0	0.0	0.0	0.0	0.0	0.0	0.0	0.0	0.0	0.0	0.0	0.0	0.0	0.0	0.0	0.0	0.0	0.0	0.0	0.0	0.0	0.0	0.0	0.0	0.0	0.0
PvP01_14_v1:675631:15,66,68	0.52174	0.45342	0.01242	0.01242	0.0	0.0	0.0	0.0	0.0	0.0	0.0	0.0	0.0	0.0	0.0	0.0	0.0	0.0	0.0	0.0	0.0	0.0	0.0	0.0	0.0	0.0	0.0	0.0	0.0	0.0	0.0	0.0	0.0	0.0	0.0	0.0	0.0	0.0	0.0
PvP01_14_v1:1229052:7,89	0.76875	0.125	0.10625	0.0	0.0	0.0	0.0	0.0	0.0	0.0	0.0	0.0	0.0	0.0	0.0	0.0	0.0	0.0	0.0	0.0	0.0	0.0	0.0	0.0	0.0	0.0	0.0	0.0	0.0	0.0	0.0	0.0	0.0	0.0	0.0	0.0	0.0	0.0	0.0
PvP01_14_v1:2065362:1,37,140,142,143,158	0.54717	0.28931	0.08176	0.03145	0.01887	0.01258	0.00629	0.00629	0.00629	0.0	0.0	0.0	0.0	0.0	0.0	0.0	0.0	0.0	0.0	0.0	0.0	0.0	0.0	0.0	0.0	0.0	0.0	0.0	0.0	0.0	0.0	0.0	0.0	0.0	0.0	0.0	0.0	0.0	0.0
PvP01_14_v1:2206666:3,21,54,69,81,108,143,153	0.40994	0.34161	0.04348	0.04348	0.03727	0.03106	0.02484	0.01242	0.01242	0.00621	0.00621	0.00621	0.00621	0.00621	0.00621	0.00621	0.0	0.0	0.0	0.0	0.0	0.0	0.0	0.0	0.0	0.0	0.0	0.0	0.0	0.0	0.0	0.0	0.0	0.0	0.0	0.0	0.0	0.0	0.0
PvP01_14_v1:2699926:89,119	0.56522	0.28571	0.08075	0.0559	0.00621	0.00621	0.0	0.0	0.0	0.0	0.0	0.0	0.0	0.0	0.0	0.0	0.0	0.0	0.0	0.0	0.0	0.0	0.0	0.0	0.0	0.0	0.0	0.0	0.0	0.0	0.0	0.0	0.0	0.0	0.0	0.0	0.0	0.0	0.0
